address,label,english,portuguese,verdict,note
GEN.9.10,10,"<em>Soul … in birds</em>, &c. The covenant of God is made with animals, only in as much as they are subservient to man. D.—The Egyptians adored most of them; and many oriental nations, and even philosophers, pretended they had intelligent souls, and could speak a rational language, which some of them would have the people believe they could understand. C.—This was the case of those great impostors Apollonius of Tyena, Mahomet, &c. H.—Moses shews sufficiently that beasts were neither divinities nor rational. C.","<em>Alma… nas aves</em>, &c. A aliança de Deus com os animais existe apenas enquanto eles estão a serviço do homem. D.—Os egípcios adoravam a maioria deles; e muitas nações orientais, e até filósofos, pretendiam que possuíam almas inteligentes e podiam falar uma linguagem racional, que alguns deles queriam fazer o povo crer que eram capazes de entender. C.—Este foi o caso dos grandes impostores Apolônio de Tiana, Maomé, &c. H.—Moisés mostra suficientemente que as bestas não eram nem divindades nem seres racionais. C.",,
GEN.14.10,10,"<em>Of slime. Bituminis.</em> This was a kind of pitch, which served for mortar in the building of Babel, Gen. 11:3 and was used by Noe in pitching the ark. Ch.—Moses does not make this remark without reason. This bitumen would easily take fire, and contribute to the conflagration of Sodom. C.—<em>Overthrown</em>, not all slain, for the king of Sodom escaped. v. 17.","<em>De betume. Bituminis.</em> Era uma espécie de piche, que serviu de argamassa na construção de Babel, Gên. 11:3, e foi usado por Noé para calafetar a arca. Ch.—Moisés não faz esta observação sem motivo. Este betume facilmente pegaria fogo e contribuiria para a conflagração de Sodoma. C.—<em>Derrotados</em>, não todos mortos, pois o rei de Sodoma escapou. v. 17.",,
GEN.36.4,4,"<em>Eliphaz;</em> perphas the Themanite, and friend of Job, (S. Jer.) or his grandfather, by Theman; as Job was the grandson of Esau, and the second king, v. 33. T.","<em>Elifaz;</em> talvez o Temanita e amigo de Jó (S. Jer.), ou seu avô, por Temã; uma vez que Jó era neto de Esaú e o segundo rei, v. 33. T.",,
GEN.42.15,15,"<em>Health.</em> This oath implies, that he is willing that even Pharao, whom he so much revered, should perish, if he did not execute what he said: ( H.) or, as Pharao is now in health, so true it is you should not <em>all</em> depart, till your youngest brother come. C.","<em>Saúde.</em> Este juramento implica que está disposto a que até o próprio Faraó, a quem tanto reverenciava, pereça, se não cumprir o que disse: ( H.) ou, assim como o Faraó está agora com saúde, assim é verdade que não partireis <em>todos</em> até que vosso irmão mais novo venha. C.",,
EXO.3.14,14,"<em>I am who am.</em> That is, I am <em>being</em> itself, eternal, self-existent, independent, infinite; without beginning, end, or change; and the source of all other beings. Ch.—Heb. agrees with the Vulg. though it seems to read <em>aeje</em>, “I shall be,” &c. A. Lapide, &c.—No name can fully explain the divine perfections. As God is alone, he stands in need of no distinctive appellation, as Lactantius, and even the pagans have confessed. Orig. c. Cels. vi. C.—All other beings are just nothing, compared with God. He alone is self-existent and infinitely perfect. W.","<em>Eu sou o que sou.</em> Isto é, eu sou o <em>ser</em> em si mesmo, eterno, autoexistente, independente, infinito; sem princípio, fim ou mudança; e a fonte de todos os demais seres. Ch.—O Heb. concorda com a Vulg., embora pareça ler <em>aeje</em>, ""eu serei,"" &c. A. Lapide, &c.—Nenhum nome pode explicar plenamente as perfeições divinas. Como Deus é único, não precisa de denominação distintiva, como Lactâncio e até os pagãos reconheceram. Orig. c. Cels. vi. C.—Todos os demais seres são simplesmente nada, comparados a Deus. Somente Ele é autoexistente e infinitamente perfeito. W.",,
EXO.8.26,26,"<em>The abominations</em>, &c. That is, the things they worship for gods: oxen, rams, &c. It is the usual style of the Scriptures to call all idols and false gods, <em>abominations;</em> to signify how much the people of God ought to detest and abhor them. Ch.—The Egyptians adored the stars, and even the vilest creatures, on account of some advantage which they derived from them. Cicero, N. Deor. i. They sometimes sacrificed animals; though, at first, “they offered only prayer and incense.” Macrob. Satur. i. 7. Gen. 43:16. Their belief in the transmigration of souls, perhaps, induced them to abstain from the immolation of beasts. C.","<em>As abominações</em>, &c. Isto é, as coisas que adoram como deuses: bois, carneiros, &c. É o estilo habitual das Escrituras chamar todos os ídolos e falsos deuses de <em>abominações</em>; para significar o quanto o povo de Deus deve detestá-los e abominá-los. Ch.—Os egípcios adoravam as estrelas, e até as criaturas mais vis, por causa de alguma vantagem que delas obtinham. Cícero, N. Deor. i. Às vezes sacrificavam animais; embora, no início, ""oferecessem apenas oração e incenso."" Macrob. Satur. i. 7. Gên. 43:16. A crença na transmigração das almas, talvez, os induzia a abster-se da imolação de animais. C.",,
EXO.12.22,22,"<em>Hyssop;</em> Heb. <em>ezob:</em> which some translate rosemary. M.—<em>Sprinkle</em>, &c. This sprinkling the doors of the Israelites with the blood of the paschal lamb, in order to their being delivered from the sword of the destroying angel, was a lively figure of our redemption by the blood of Christ. Ch.—S. Jerom, in Is. lxvi. says the doors were to be sprinkled in the form of a cross.","<em>Hissopo;</em> Heb. <em>ezob:</em> que alguns traduzem por alecrim. M.—<em>Asperge</em>, &c. Esta aspersão das portas dos israelitas com o sangue do cordeiro pascal, a fim de que fossem livrados da espada do anjo destruidor, foi uma viva figura de nossa redenção pelo sangue de Cristo. Ch.—S. Jerônimo, no Is. lxvi., diz que as portas deviam ser aspergidas em forma de cruz.",,
EXO.12.40,40,"<em>Egypt.</em> Sam. and Sept. add, “and in the land of Chanaan, they and their fathers,” dating from the departure of Abraham from Haran in his 75th year; from which period, till Jacob’s going into Egypt, 215 years elapsed. Kennicott produces this instance, as a proof that the Hebrew text is defective: Dis. 1. p. 399. Josephus ii. 15. S. Aug. q. 47. and others, admit this addition as genuine; which, however we have observed on Genesis, is rejected by Ayrolus, Tournemine, &c. H.","<em>Egito.</em> Sam. e Sept. acrescentam: ""e na terra de Canaã, eles e seus pais"", contando a partir da partida de Abraão de Harã aos 75 anos; desse período até a ida de Jacó ao Egito transcorreram 215 anos. Kennicott apresenta este exemplo como prova de que o texto hebraico está deficiente: Dis. 1. p. 399. Josefo ii. 15. S. Agost. q. 47. e outros admitem este acréscimo como genuíno; o qual, no entanto, como observamos no Gênesis, é rejeitado por Ayrolus, Tournemine, &c. H.
[[[REVIEW:exegese_datada|A passagem apresenta como fato assentado a deficiência do texto hebraico, questão que a exegese moderna trata com maior cautela crítica.]]
[[[ID:895]]]
<em>Memorável</em>, em que o Senhor foi nosso sentinela e guardador. Vatab.",,
EXO.14.12,12,"<em>Wilderness.</em> This is the language of dastardly souls. They had begun to be almost in love with their chains. Every difficulty gives them occasion to repine at the gracious purposes of God, and the exertions of his servant Moses. But God bears patiently with the defects of a carnal and long-oppressed nation. H. v. 13.—The wiser sort pray to God, while others thus upbraid Moses.","<em>Deserto.</em> Esta é a linguagem de almas covardes. Tinham começado a quase se apegar às suas correntes. Toda dificuldade lhes dá ocasião de murmurar contra os graciosos desígnios de Deus e os esforços do seu servo Moisés. Mas Deus suporta pacientemente as fraquezas de um povo carnal e por longo tempo oprimido. H. v. 13.—Os mais sábios oram a Deus, enquanto outros assim censuram Moisés.",,
EXO.27.3,3,"<em>Pans</em>, &c. The Sept. have, “a crown <em>or</em> border, for the altar, and its covering, and its cups, and flesh-hooks, and fire-place, <em>or</em> pan.” Heb. also has five terms; which Calmet renders: 1. a small kettle to receive the ashes under the grate; 2. fire-shovels; 3. bowls to receive blood (<em>mozrokoth</em>, which term the Vulg. does not perhaps notice); 4. flesh-hooks; 5. chafing-dishes. The Protestant version has also the basins or broad cups, <em>phialas</em>, of the Sept. H.","<em>Panelas</em>, etc. A Sept. tem: ""uma coroa <em>ou</em> borda, para o altar, e sua cobertura, e seus cálices, e garfos para carne, e fogareiro, <em>ou</em> panela."" O Heb. também tem cinco termos; que Calmet traduz: 1. um pequeno caldeirão para receber as cinzas sob a grelha; 2. pás para fogo; 3. bacias para receber o sangue (<em>mozrokoth</em>, termo que a Vulg. talvez não mencione); 4. garfos para carne; 5. fogareiros. A versão protestante tem também as bacias ou cálices largos, <em>phialas</em>, da Sept. H.",,
EXO.30.1,1,"<em>An altar to burn incense.</em> This burning of incense was an emblem of prayer, ascending to God from an inflamed heart. See Ps. 140:2. Apoc. 5:8 and 8:4. Ch.—Nothing but incense was daily offered by the high priest upon this altar. On the day of expiation he touched the four corners with blood. It stood over-against the bread of proposition.","<em>Um altar para queimar incenso.</em> Esse queimar de incenso era emblema da oração que sobe a Deus de um coração inflamado. Veja Sl. 140:2. Apoc. 5:8 e 8:4. C.—Nada além de incenso era oferecido diariamente pelo sumo sacerdote sobre este altar. No dia da expiação, ele tocava os quatro cantos com sangue. Estava posto em frente ao pão da proposição.",,
LEV.6.14,14,"<em>Sacrifice</em> of flour, <em>monee.</em> C. 2:1.—<em>And libations.</em> These words are added, to shew that oil and wine accompanied this sacrifice.","<em>Sacrifício</em> de farinha, <em>monee.</em> C. 2:1.—<em>E libações.</em> Estas palavras são acrescentadas para mostrar que óleo e vinho acompanhavam este sacrifício.",,
LEV.7.29,29,"<em>Sacrifice</em> … Libations, flour, wine, and oil. Lyran.","<em>Sacrifício</em> … Libações, farinha, vinho e azeite. Lyran.",,
LEV.11.45,45,"<em>Your God.</em> By these laws, the Jews were to be distinguished from other nations. H.—They were also to be reminded, that God was very jealous of their interior sanctity, since he required so great a legal purity. Without the former, they might easily conclude that the latter would not please him. C.","<em>Vosso Deus.</em> Por meio dessas leis, os judeus deveriam distinguir-se das demais nações. H.—Deveriam também ser lembrados de que Deus era muito zeloso da santidade interior deles, uma vez que exigia tão grande pureza legal. Sem a primeira, poderiam facilmente concluir que a segunda não lhe seria agradável. C.",,
LEV.18.2,2,"<em>God</em>, to whom the right of giving laws belongs. D.","<em>Deus</em>, a quem pertence o direito de dar leis. D.",,
NUM.9.16,16,<em>By day.</em> These words are omitted in the Heb.; but the context shews that they must necessarily be supplied; as they are in the Sept. The same cloud assumed different appearances. C.,<em>De dia.</em> Estas palavras são omitidas no Hebr.; mas o contexto mostra que devem necessariamente ser supridas; como o são na Sept. A mesma nuvem assumia aparências diferentes. C.,,
NUM.10.10,10,"<em>And on.</em> This serves to explain what kind of banquet was meant. On the festivals of religion, <em>peace-offerings</em> were made, of which those who were pure, might partake. H.—On solemn and extraordinary occasions, <em>holocausts</em> were also presented to God by the whole nation; and the trumpets announced those public rejoicings. 2 Par. 5:12. 29:26. C.—<em>Months.</em> The day when the moon first appeared, was a festival day among the Jews, ( M.) or the first day of the month, while they observed the solar year.","<em>E assim por diante.</em> Isso serve para explicar que tipo de banquete estava em questão. Nas festas religiosas, eram feitas <em>ofertas pacíficas</em>, das quais podiam participar os que estivessem puros. H.—Em ocasiões solenes e extraordinárias, <em>holocaustos</em> eram também apresentados a Deus por toda a nação; e as trombetas anunciavam essas alegrias públicas. 2 Par. 5:12. 29:26. C.—<em>Meses.</em> O dia em que a lua aparecia pela primeira vez era dia de festa entre os judeus, (M.) ou o primeiro dia do mês, enquanto observavam o ano solar.",,
NUM.14.22,22,"<em>The men</em>, above twenty years of age, v. 29.—<em>Majesty</em>, manifested by <em>the signs</em>, &c. H.—<em>Ten times;</em> very often. It is not necessary to specify the number of the rebellions, as some have done, placing the first on the other side of the Red Sea, (Ex. 14:11,) and the tenth here. The expression is often used to express a great but indefinite number. Eccles. 7:20. C.","<em>Os homens</em> acima de vinte anos de idade, v. 29.—<em>Majestade</em>, manifestada pelos <em>sinais</em>, &c. H.—<em>Dez vezes;</em> muitíssimas vezes. Não é necessário especificar o número das rebeliões, como alguns fizeram, colocando a primeira do outro lado do Mar Vermelho, (Ex. 14:11,) e a décima aqui. A expressão é frequentemente usada para indicar um número grande, mas indefinido. Ecles. 7:20. C.",,
NUM.22.3,3,"<em>Of him:</em> Israel. M.—They knew not that God had forbidden the Hebrews to attack the Moabites, unless they were first assailed. Joseph.—Heb. “Moab was much afraid of the people, because of their numbers, and was distressed (<em>and upon his guard</em>) on account of the children of Israel.” H.","<em>Deles:</em> Israel. M.—Eles não sabiam que Deus havia proibido os Hebreus de atacar os Moabitas, a menos que fossem os primeiros a ser atacados. Joseph.—Heb. ""Moab tinha muito medo do povo, por causa do seu número, e estava angustiado (<em>e em guarda</em>) por causa dos filhos de Israel."" H.",,
DEU.9.21,21,"<em>Sin.</em> The Scripture designates by this name not only the evil action, but also the propensity to it, the object, matter, occasion, punishment, or victim of sin.—<em>The calf.</em> He broke the idol in pieces, and then ground it small. Ex. 32:20. C.","<em>Pecado.</em> A Escritura designa por este nome não apenas a ação má, mas também a propensão a ela, o objeto, a matéria, a ocasião, a punição ou a vítima do pecado.—<em>O bezerro.</em> Ele quebrou o ídolo em pedaços e depois o moeu finamente. Ex. 32:20. C.",,
DEU.16.20,20,"<em>Just.</em> Heb. “thou shalt follow justice.” Thou shalt be guided solely by the dictates of justice, in passing sentence. Ex. 23:1. 9. C.—That judge who passes sentence according to truth, executes his office unjustly if he be actuated by the love of a temporal reward. S. Greg. Mor. 9.","<em>Justo.</em> Heb. ""seguirás a justiça."" Serás guiado unicamente pelos ditames da justiça ao proferir sentença. Ex. 23:1. 9. C.—O juiz que pronuncia sentença segundo a verdade exerce seu ofício injustamente se for movido pelo amor de uma recompensa temporal. S. Greg. Mor. 9.",,
DEU.17.15,15,"<em>Choose</em>, as he did Saul, David, and Solomon, who succeeded to the throne of his father, though he was not the eldest son. M.—Then the throne began to be hereditary, in virtue of God’s promise to David. C.—<em>Brother.</em> The Jews neglected this law, when they willingly recognized the authority of Herod, two years after the birth of Christ. See Gen. 49:10. H.—A stranger might attempt to draw off the people from the service of the true God, and mutual love would not so easily subsist between them. M.","<em>Escolha</em>, como fez com Saul, Davi e Salomão, que sucedeu ao trono de seu pai, embora não fosse o filho mais velho. M.—Então o trono começou a ser hereditário, em virtude da promessa de Deus a Davi. C.—<em>Irmão.</em> Os judeus negligenciaram esta lei quando reconheceram voluntariamente a autoridade de Herodes, dois anos após o nascimento de Cristo. Ver Gen. 49:10. H.—Um estrangeiro poderia tentar afastar o povo do culto ao verdadeiro Deus, e o amor mútuo não subsistiria tão facilmente entre eles. M.",,
DEU.18.6,6,"<em>Levite.</em> In the days of Moses, all the Levites probably assisted in the service of the tabernacle, when they thought proper. But, after they should be dispersed, he encourages them to come willingly. David afterwards divided the priests and the Levites into classes, which were obliged to serve in their turns, 1 Par. 23. &c. Though he derogated from the words of the law, he followed the spirit of the injunction, which was intended to promote the great glory and decency of religion; and even after this regulation, ( C.) those who desired, like Samuel, ( M.) to consecrate their labours to the Lord for life, or for a long time, were in all probability entitled to the privileges here granted. C.","<em>Levita.</em> Nos dias de Moisés, todos os levitas provavelmente assistiam ao serviço do tabernáculo quando assim o desejavam. Mas, depois que fossem dispersos, ele os encoraja a vir voluntariamente. Davi dividiu depois os sacerdotes e os levitas em classes, que eram obrigadas a servir em suas turmas, 1 Par. 23, etc. Embora se tenha afastado das palavras da lei, seguiu o espírito da injunção, que tinha por fim promover a grande glória e decoro da religião; e mesmo após esse regulamento, (C.) aqueles que desejassem, como Samuel, (M.) consagrar seus trabalhos ao Senhor por toda a vida ou por longo tempo, provavelmente tinham direito aos privilégios aqui concedidos. C.",,
DEU.22.14,14,"<em>Name.</em> Heb. “and occasion reports against her to bring an evil name upon her,” ( H.) that he may not have to return her dowry. For, according to many of the Rabbins, he might give her a bill of divorce, simply if he did not like her. Seld. Uxor. iii. 1, &c.—They allow the proof here specified, only with respect to a Hebrew woman between twelve and twelve and a half years old, during the period of her being espoused, but not taken home by her husband. The cause was to be tried before the 23 judges. Oftentimes only witnesses, probably matrons, were examined in defence of the woman. Josephus iv. 8. S. Ambrose (ep. 8. 64. ad Syagr.) highly disapproves of such unsatisfactory methods. The marks assigned by the law were commonly observed in Syria, Persia, &c. The Arab physicians speak of them. See Valesius, c. xxv. The age in which women were then married, the climate, &c. caused these indications to be more clear, and deposed for or against the fidelity of the bride. The mother had them entrusted to her care by the friends of the husband, who had kept watch at the door on the wedding night. M. Nachman, ap. Fagium.","<em>Nome.</em> Heb. ""e ocasião de relatos contra ela para difamar seu nome,"" (H.) a fim de não ter de devolver o dote. Pois, segundo muitos dos Rabinos, ele poderia dar-lhe uma carta de divórcio simplesmente por não gostar dela. Seld. Uxor. iii. 1, &c.—Eles admitem a prova aqui especificada apenas com respeito a uma mulher hebréia entre doze e doze anos e meio de idade, durante o período de seu noivado, mas antes de ser levada para a casa do marido. A causa devia ser julgada perante os 23 juízes. Muitas vezes eram examinadas apenas testemunhas, provavelmente matronas, em defesa da mulher. Josefo, iv. 8. Santo Ambrósio (ep. 8. 64. ad Syagr.) desaprova vivamente esses métodos insatisfatórios. As marcas assinaladas pela lei eram comumente observadas na Síria, Pérsia, &c. Os médicos árabes falam delas. Ver Valesius, c. xxv. A idade em que as mulheres se casavam então, o clima, &c. fazia com que esses indícios fossem mais claros, e depunham a favor ou contra a fidelidade da noiva. A mãe os tinha confiados à sua guarda pelos amigos do marido, que haviam feito vigília à porta na noite de núpcias. M. Nachman, ap. Fagium.",,
DEU.22.15,15,"<em>Her.</em> It does not appear that the woman was present at the trial: she remained at her father’s, or rather at her husband’s house, till sentence was passed. C.—Heb. “then shall the father of the damsel and her mother take and produce the damsel’s virginity,” or the tokens of it.","<em>Dela.</em> Não parece que a mulher estivesse presente no julgamento: ela permanecia na casa de seu pai, ou antes na casa de seu marido, até que a sentença fosse proferida. C.—Heb. ""então o pai da jovem e sua mãe tomarão e apresentarão a virgindade da jovem,"" ou os sinais dela.",,
DEU.33.24,24,"<em>Blessed.</em> He alludes to the name of <em>Aser</em>, which has this signification. H.—This tribe had been upon the increase in the desert, ( C.) and now comprised 53,000 warriors. H.—The province of Galilee, where Aser dwelt, was one of the most fertile of all Chanaan, and noted for abundance of oil, Gen. 49:20. Joseph. Bel. ii. 2. and ii. 22. C.—<em>Oil.</em> So Job (29:6,) says, <em>When I washed my feet with butter.</em> M.","<em>Bendito.</em> Alude ao nome de <em>Aser</em>, que tem esta significação. H.—Esta tribo havia crescido no deserto (C.) e contava então com 53.000 guerreiros. H.—A província da Galileia, onde habitava Aser, era uma das mais férteis de todo Canaã, afamada pela abundância de azeite, Gên. 49:20. Josefo Bel. ii. 2. e ii. 22. C.—<em>Azeite.</em> Assim também Jó (29:6) diz: <em>Quando lavei meus pés com manteiga.</em> M.",,
JOS.7.3,3,"<em>Few.</em> It appears, however, that the city contained 12,000 fighting men; so that these spies must have formed a false notion of its strength. C. 8:25.","<em>Poucos.</em> Parece, contudo, que a cidade continha 12.000 homens em condições de combate; de modo que esses espias devem ter formado uma falsa impressão de sua força. C. 8:25.",,
JOS.8.30,30,"<em>Hebal.</em> The Sam. Chronicle says on Mount Garizim. No doubt Josue complied with the injunctions of Moses: but we have seen that there are reasons to doubt which mountain he pitched upon. Deut. 27:4. H.—It seems more probable that the altar would be upon Garizim, where the blessings were proclaimed, if the texts of Moses and of Josue did not formally assert the contrary. C.—But if they have been interpolated, nothing certain can be deduced from those passages. Josephus (iv. 8,) says that the altar was between the two mountains, not far from Sichem, which was built at the foot of Garizim; and it is not probable that this historian, the mortal enemy of the Samaritans, would have hesitated to assert that the altar was upon Hebal, if the texts had been so positive, in his time. It is undeniable that the tribes of Levi, and of Ephraim, were upon Garizim; and consequently Josue and the <em>priests</em> must have been there; and who would then officiate at the altar on Hebal? See Kennicott, who ably refutes the insinuations of the infidel, Collins, against the character of the Samaritans. When this altar was erected the learned are not agreed. H.—Some say, immediately after the passage of the Jordan, and that the 12 stones taken from the bed of the river, were used for that purpose. Josephus says five years elapsed, and R. Ismael supposes that the altar was not built during the 14 years after the passage of the Jordan. But it is most probable that Josue complied with the command of God as soon as he had procured a sort of peace, ( H.) by the conquest of these two cities, and was thus enabled to penetrate into the heart of the country, where Garizim was situated, not in the plain of Jericho, as Eusebius imagined, but near Sichem, ( C.) about 30 or 40 miles to the north-west of Jericho. H.","<em>Hebal.</em> A Crônica Samaritana diz que foi no Monte Garizim. Sem dúvida Josué cumpriu as determinações de Moisés; mas já vimos que há razões para duvidar em qual montanha ele se estabeleceu. Deut. 27:4. H.—Parece mais provável que o altar estivesse em Garizim, onde as bênçãos foram proclamadas, se os textos de Moisés e de Josué não afirmassem formalmente o contrário. C.—Mas se tiverem sido interpolados, nada de certo pode ser deduzido dessas passagens. Josefo (iv. 8,) diz que o altar ficava entre as duas montanhas, não longe de Siquém, que foi edificada ao pé de Garizim; e não é provável que este historiador, inimigo mortal dos samaritanos, tivesse hesitado em afirmar que o altar estava em Hebal, se os textos fossem tão positivos em seu tempo. É inegável que as tribos de Levi e de Efraim estavam em Garizim; e por conseguinte Josué e os <em>sacerdotes</em> devem ter estado ali; e quem então oficiaria no altar em Hebal? Ver Kennicott, que refuta habilmente as insinuações do incrédulo Collins contra o caráter dos samaritanos. Os eruditos não estão de acordo sobre quando este altar foi erigido. H.—Alguns dizem que foi imediatamente após a passagem do Jordão, e que as 12 pedras retiradas do leito do rio foram usadas para esse fim. Josefo diz que se passaram cinco anos, e R. Ismael supõe que o altar não foi construído durante os 14 anos após a passagem do Jordão. Mas é mais provável que Josué tenha cumprido a ordem de Deus assim que obteve uma espécie de paz, ( H.) pela conquista destas duas cidades, e assim pôde penetrar no interior do país, onde Garizim se situava, não na planície de Jericó, como Eusébio imaginou, mas perto de Siquém, ( C.) a cerca de 30 ou 40 milhas a noroeste de Jericó. H.",,
JOS.10.24,24,"<em>Feet</em>, as Moses had foretold. Deut. 33:29. The conduct of Josue would appear cruel, if we did not reflect that he was only the executioner of the divine justice, which was pleased thus to punish these proud and impious princes, that others might not imitate their example.","<em>Pés</em>, como Moisés havia predito. Deut. 33:29. A conduta de Josué pareceria cruel, se não refletíssemos que ele era apenas o executor da justiça divina, que assim quis punir esses príncipes soberbos e ímpios, para que outros não imitassem seu exemplo.",,
JOS.18.7,7,"<em>Priesthood</em>, and the rights attached to it, tithes, &c. C.—It was therefore necessary to make eight portions. M.","<em>Sacerdócio</em>, e os direitos a ele vinculados, dízimos, &c. C.—Era portanto necessário fazer oito porções. M.",,
JOS.21.12,12,"<em>Possession.</em> Only the houses which the priests occupied, were taken from him. C.—Caleb enjoyed all the dependencies of Hebron, and took the city, as he would not have been secure while the Chanaanites dwelt there. Magalian.—Serarius thinks that he abandoned the city to the priests, in which he follows Tostat, who supposes that they had to pay tribute to the tribes among whom they lived; and that mines, &c. belonged to the latter. M.","<em>Posse.</em> Somente as casas que os sacerdotes ocupavam lhe foram tomadas. C.—Caleb desfrutava de todas as dependências de Hebron e tomou a cidade, pois não estaria seguro enquanto os cananeus ali habitassem. Magalião.—Serário pensa que ele cedeu a cidade aos sacerdotes, seguindo nisto a Tostat, que supõe que eles tinham de pagar tributo às tribos entre as quais viviam; e que as minas, &c. pertenciam a estas últimas. M.",,
JDG.3.10,10,"<em>In him</em>, to instruct and enable him both to rout the enemy, and to govern the people with prudence. H.—Chal. “the spirit of prophecy.” The oracle excited him to attack Chusan. Joseph. v. 3. He was entrusted with an extraordinary authority, in a wonderful manner, and God gave him all those virtues which were requisite for his exalted station. C.—<em>Him.</em> Heb. “his hand was strong upon Chusan Rasathaim.” He gained a complete victory over him, ( H.) the particulars of which are not mentioned, though they must have been very interesting and extraordinary, as the power of Chusan was so extensive. C.","<em>Nele</em>, para instruí-lo e habilitá-lo tanto a derrotar o inimigo quanto a governar o povo com prudência. H.—Chal. ""o espírito de profecia."" O oráculo o impeliu a atacar Chusan. Joseph. v. 3. Foi investido de uma autoridade extraordinária de modo admirável, e Deus lhe concedeu todas as virtudes necessárias para sua elevada missão. C.—<em>Dele.</em> Heb. ""sua mão foi forte sobre Chusan Rasataim."" Obteve sobre ele uma vitória completa, ( H.) cujos pormenores não são mencionados, embora devessem ser muito notáveis e extraordinários, pois o poder de Chusan era muito extenso. C.",,
JDG.6.11,11,"<em>Angel;</em> Michael. M.—Some think it was the prophet who had addressed the people, or Phinees, according to the Rabbins. See S. Aug. q. 31. Others believe it was the Son of God, who takes the name of Jehovah. Broughton and other Protest.—But the most natural opinion is, that a real angel was sent, in the name of God, like that which appeared to Moses, and assumed the incommunicable name, as the ambassador of God. Gedeon took him for a man, and presented him a noble feast, without designing to offer sacrifice to him. Maimonides and Grotius seem to suppose that all this passed in a dream; but the sequal refutes this opinion.—<em>Ephra</em>, a city of the half tribe of Manasses, on the west side of the Jordan, of which Joas was the richest citizen. He was of the family of Ezri, and a descendant of Abiezer. 1 Par. 8:18. Heb. might be rendered, “Joas, the Abiezerite.” C. 8:32 and 13:2.—<em>Madian.</em> Not having the convenience of cleansing the wheat in the open field, Gedeon was doing it privately, with a design to carry it off, at the approach of the enemy, and to support himself and family in some cavern. Heb. takes no notice of cleaning: “Gedeon threshed wheat, by the wine press, to hide it, <em>or</em> to flee,” &c. He probably used a flail, or some smaller sticks, such as were employed to beat out olives. Isai. 28:27. Ruth 2:17. C.—The wheat harvest was about Pentecost, that of barley was at Easter. It seems the Madianites had been later than usual this year, in making their incursions, v. 33. H.","<em>Anjo;</em> Miguel. M.—Alguns pensam que era o profeta que havia se dirigido ao povo, ou Fineias, segundo os Rabinos. Ver Santo Agostinho, q. 31. Outros creem que era o Filho de Deus, que toma o nome de Jeová. Broughton e outros Protest.—Mas a opinião mais natural é a de que um anjo real foi enviado, em nome de Deus, como aquele que apareceu a Moisés e assumiu o nome incomunicável como embaixador de Deus. Gedeão o tomou por um homem e lhe apresentou um nobre banquete, sem pretender oferecer-lhe sacrifício. Maimônides e Grócio parecem supor que tudo isso se passou em sonho; mas a continuação da narrativa refuta essa opinião.—<em>Efra</em>, cidade da meia tribo de Manassés, no lado ocidental do Jordão, da qual Joás era o cidadão mais rico. Era da família de Ezri e descendente de Abiezer. 1 Par. 8:18. O heb. poderia ser traduzido: ""Joás, o abiezerita."" C. 8:32 e 13:2.—<em>Madian.</em> Não tendo comodidade para limpar o trigo em campo aberto, Gedeão o fazia em segredo, com a intenção de transportá-lo ao aproximar-se do inimigo e sustentar-se a si e à sua família em alguma caverna. O heb. não menciona a limpeza: ""Gedeão trilhava trigo junto ao lagar, para escondê-lo, <em>ou</em> para fugir,"" &c. Provavelmente usava um mangual ou varas menores, como as empregadas para debulhar azeitonas. Isai. 28:27. Rut 2:17. C.—A colheita do trigo era por volta de Pentecostes; a da cevada, na Páscoa. Parece que os madianitas tinham chegado mais tarde que o habitual este ano em suas incursões, v. 33. H.",,
JDG.7.17,17,"<em>Camp.</em> The three divisions stopt at the entrance, v. 21. C.","<em>Acampamento.</em> As três divisões pararam à entrada, v. 21. C.",,
JDG.8.6,6,"<em>Hand.</em> Perhaps thou makest sure of taking these kings. H.—We apprehend that they will return with greater forces, and punish our compliance. M.",<em>Mão.</em> Talvez estejas certo de capturar esses reis. H.—Tememos que regressem com forças maiores e punam nossa condescendência. M.,,
JDG.9.28,28,"<em>Sichem</em>. Why should this ancient city be thus degraded? This son of Jerobaal deigns not to reside among us, but sets one of his servants over us! H.—He mentions <em>Jerobaal</em> instead of Gedeon, to remind the people of the indignity formerly offered to their great idol, by the father of their present ruler. M.—Heb. may have another sense. “Who is Abimelech?… Is he not the son of Jerobaal, and Zebul his officer? Serve the men of Hemor,” &c. It seems that Gaal was of the race of Chanaan, by the manner in which he speaks of Hemor, whose history is given, Gen. 34. Many of the same nations might still inhabit Sichem, ( C.) which made the people so bold and zealous in the adoration of Baal. H.—The insidious Gaal hence takes occasion to propose to his countrymen, that they had better acknowledge the authority of their ancient magistrates, who occupied the place of Hemor. C.—But he immediately insinuates, that the most effectual method to expel the tyrant, would be to vest him with the sovereign authority. H. v. 29.—The party of Abimelech was now the weaker. C.","<em>Siquém</em>. Por que esta antiga cidade haveria de ser assim degradada? Este filho de Jerobaal não se digna a residir entre nós, mas coloca um de seus servos sobre nós! H.—Menciona <em>Jerobaal</em> em vez de Gedeão para recordar ao povo a indignidade outrora infligida ao seu grande ídolo pelo pai do seu atual governante. M.—O Heb. pode ter outro sentido. ""Quem é Abimeleque?… Não é ele filho de Jerobaal, e Zebul seu oficial? Servi os homens de Hemor,"" etc. Parece que Gaal era da raça de Canaã, pelo modo como fala de Hemor, cuja história é narrada em Gên. 34. Muitos dos mesmos povos ainda poderiam habitar Siquém, ( C.) o que tornava o povo tão audaz e zeloso na adoração de Baal. H.—O insidioso Gaal aproveita a ocasião para propor a seus compatriotas que melhor fariam em reconhecer a autoridade de seus antigos magistrados, que ocupavam o lugar de Hemor. C.—Mas logo insinua que o método mais eficaz para expulsar o tirano seria investir-se da autoridade soberana. H. v. 29.—O partido de Abimeleque era então o mais fraco. C.",,
JDG.15.20,20,"<em>Years.</em> Salien gathers from this remark being made here, that the Philistines still asserted their dominion over Israel, but with greater moderation than they had done before: and both nations acknowledged the judicial authority of Samson, who had now been giving them such proofs of his valour for two years, soon after he performed the feat at Gaza, A.C. 1169, being on some business. H.","<em>Anos.</em> Salien deduz desta observação, feita aqui, que os filisteus ainda afirmavam seu domínio sobre Israel, porém com maior moderação do que antes: e ambas as nações reconheciam a autoridade judicial de Sansão, que então vinha dando-lhes tais provas de seu valor por dois anos, pouco depois de realizar o feito em Gaza, A.C. 1169, estando ali por algum negócio. H.",,
JDG.20.18,18,"<em>Silo.</em> Heb. simply “to Bethel,” which the Sept. Syr. Josephus, and others, explain of the city: but others generally understand “the house of God,” at Silo, for which Bethel is placed. C. 21:2. 9 and 12. Phinees resided near the tabernacle, and was desired to consult.—<em>Juda</em> is not the name of a man, but of the tribe; ( C.) and probably Othoniel would have the chief command. Salien.—The Israelites do not ask whether they ought to make war on their brethren, &c. but only desire to know which tribe shall begin the attack. C. 1:1 and 10:18. They manifest a degree of presumption, which God soon chastised, ( C.) as well as the idolatry of Dan, &c. which they had neglected to punish, though they had an express command to do it. Deut. 13:12. Salien.—They were full of pride, and only concerned to revenge their own wrongs. H.","<em>Silo.</em> Heb. simplesmente ""a Betel,"" que os Sept., Syr., Josefo e outros explicam como a cidade; mas outros em geral entendem ""a casa de Deus,"" em Silo, em cujo lugar Betel é posto. C. 21:2. 9 e 12. Fineias residia perto do tabernáculo e foi solicitado a consultar.—<em>Judá</em> não é nome de homem, mas da tribo; (C.) e provavelmente Otoniel teria o comando principal. Salien.—Os israelitas não perguntam se devem fazer guerra a seus irmãos, &c., mas somente desejam saber qual tribo começará o ataque. C. 1:1 e 10:18. Manifestam certo grau de presunção, que Deus logo castigou, (C.) assim como a idolatria de Dã, &c., que haviam negligenciado punir, embora tivessem uma ordem expressa para fazê-lo. Deut. 13:12. Salien.—Estavam cheios de orgulho e preocupados apenas em vingar suas próprias ofensas. H.",,
RUT.3.14,14,"<em>Hither.</em> The next kinsman might otherwise allege this as a pretext for not marrying her, (Salien) as people are but too apt to suspect the worst, though nothing amiss had passed between them. H.—Booz consulted his own as well as Ruth’s reputation: for the apostle admonishes us to <em>abstain from every appearance of evil.</em> 1 Thess. 5:22. M.","<em>Aqui.</em> O parente mais próximo poderia de outro modo alegar isso como pretexto para não se casar com ela, (Salien) pois as pessoas são demasiado propensas a suspeitar do pior, ainda que nada de errado tivesse ocorrido entre eles. H.—Booz zelou tanto pela sua própria reputação quanto pela de Rute: pois o Apóstolo nos admoesta a <em>abster-nos de toda aparência de mal.</em> 1 Ts. 5:22. M.",,
1SA.14.3,3,"<em>Ephod;</em> or was high priest, v. 18. Achias is called Achimelech, C. 22:9. C.—He had succeeded his father, Achitob, in the beginning of Saul’s reign, after the former had held the dignity twenty-two years. Salien, A. 2962.","<em>Éfod;</em> ou era sumo sacerdote, v. 18. Aquias é chamado Aquimelec, C. 22:9. C.—Havia sucedido a seu pai, Aquitob, no início do reinado de Saul, após o anterior ter exercido a dignidade por vinte e dois anos. Salien, A. 2962.",,
1SA.17.24,24,"<em>Exceedingly</em>, though they had now heard him twice a-day for so long a time, (Ken.) and came purposely to engage him and all the Philistine army. Perhaps he proceeded farther than usual. H.","<em>Sobremaneira</em>, ainda que já o houvessem ouvido duas vezes ao dia por tanto tempo, (Ken.) e tivessem vindo expressamente para enfrentá-lo a ele e a todo o exército filisteu. Talvez ele tenha ido mais longe do que de costume. H.",,
1SA.25.25,25,"<em>The king</em>, is not in Heb. Sept. &c. David’s title was not yet publicly acknowledged. C.—But Abigail plainly alludes to it, v. 28. H.—<em>Name. Nabal</em>, in Hebrew, signifies <em>a fool.</em> C.—Thus she extenuates his fault, by attributing it to a deficiency in understanding.","<em>O rei</em> não está no Heb. Sept. etc. O título de Davi ainda não era publicamente reconhecido. C.—Mas Abigail claramente a ele alude, v. 28. H.—<em>Nome. Nabal</em>, em hebraico, significa <em>insensato.</em> C.—Assim ela atenua a falta dele, atribuindo-a a uma deficiência de entendimento.",,
1SA.26.22,22,"<em>It.</em> He would not keep the spear, lest it might seem disrespectful.","<em>Isso.</em> Ele não quis ficar com a lança, para que não parecesse falta de respeito.",,
2SA.11.8,8,"<em>Feet.</em> As they did not wear stockings, this practice was very common after a journey. David thus insinuated that Urias might take his rest, and go to his wife, that so he might suppose that the child was his own, and the crime of Bethsabee might be concealed. C.—<em>King</em>, as a mark of honour, but in reality that he might be more excited to indulge his pleasures. Abulensis. M.","<em>Pés.</em> Como não usavam meias, este costume era muito comum após uma viagem. Davi assim insinuou que Urias poderia descansar e ir ter com sua esposa, para que ele pudesse supor que o filho era seu e o crime de Betsabeia pudesse ser ocultado. C.—<em>Rei</em>, como sinal de honra, mas na realidade para que ele fosse mais incitado a entregar-se aos seus prazeres. Abulensis. M.",,
2SA.12.4,4,"<em>To him.</em> This wanton cruelty caused David to pronounce him deserving of death; as simple theft was punished with only a four-fold restitution. Ex. 22:1. Judges sometimes diminish, and at other times increase, the severity of the law, according to the dispositions of the offenders, which lawgivers could not exactly foresee. C.","<em>A ele.</em> Esta crueldade gratuita levou Davi a pronunciar que ele merecia a morte; pois o simples furto era punido apenas com uma restituição quádrupla. Ex 22:1. Os juízes ora diminuem, ora aumentam a severidade da lei, conforme as disposições dos infratores, as quais os legisladores não podiam prever com exatidão. C.",,
2SA.21.16,16,"<em>Jesbibenob</em> may signify, “Jesbi, the son of Ob.” Sept. “Jesbe, of Nob, who was of the race of the giants.” Arapha seems to have been one of great fame, (v. 18–21–22) who had several children; unless other giants assumed his name. C.—<em>Ounces.</em> Heb. “<em>sicles</em> of brass, in weight.” Sicles is only understood, as on similar occasions. Neither is <em>sword</em> expressed; ( H.) so that some think he had on a new suit of armour. Sym. “a sword.” Rom. Sept. “a club.” The weight of the whole spear is specified in Heb. Sept. &c. ( C.) as weighing “300—of brass,” ( H.) of which metal it seems to have been formed, as the Jews had no such money till the captivity.","<em>Jesbibenob</em> pode significar ""Jesbi, filho de Ob."" Sept.: ""Jesbe, de Nob, que era da raça dos gigantes."" Arapha parece ter sido alguém de grande renome, (v. 18–21–22) que teve vários filhos; a menos que outros gigantes tenham assumido seu nome. C.—<em>Onças.</em> Heb.: ""<em>siclos</em> de bronze, em peso."" Siclos é apenas subentendido, como em ocasiões semelhantes. Tampouco está expresso <em>espada</em>; (H.) de modo que alguns pensam que ele trazia uma armadura nova. Sim.: ""uma espada."" Rom. Sept.: ""uma clava."" O peso total da lança é especificado no Heb. Sept. &c. (C.) como pesando ""300—de bronze,"" (H.) metal do qual parece ter sido feita, pois os judeus não tinham tal moeda até o cativeiro.",,
1KI.6.36,36,"<em>Court</em> of the priests.—<em>Cedar.</em> Some think that the court was surrounded with galleries, supported on three rows of pillars; or one gallery was above another, on pillars of stone, with a third supported by cedar pillars. M.—But Josephus takes no notice of these galleries. Others think that the wall of separation consisted only of two rows of stone, with a third of wood, in all three cubits high. Joseph. viii. 2. Villal.—But the sacred writers seem rather to indicate, that beams of cedar were fixed in the walls, at the distance of three courses of stone, even to the top. This mode of architecture is clearly mentioned, C. 7:12. 1 Esd. 6:3. 4 and 5:8. Habac. 2:11. The ancients admired such a variety, and deemed the building more solid. Vit. i. 5. Eupolemus (ap. Eus. præp. ix. 34.) take notice, that these beams were fastened together, in the temple, by hooks of copper, weighing each a talent. H.—Such was the structure of the inner court. C.","<em>Átrio</em> dos sacerdotes.—<em>Cedro.</em> Alguns pensam que o átrio era cercado de galerias apoiadas em três filas de colunas; ou uma galeria ficava acima da outra, sobre colunas de pedra, com uma terceira sustentada por colunas de cedro. M.—Mas Josefo não faz menção dessas galerias. Outros pensam que o muro de separação consistia apenas em duas fileiras de pedra, com uma terceira de madeira, no total de três côvados de altura. Joseph. viii. 2. Villal.—Mas os escritores sagrados parecem antes indicar que vigas de cedro eram fixadas nas paredes, a cada três fiadas de pedra, até o topo. Esse modo de arquitetura é claramente mencionado, C. 7:12. 1 Esd. 6:3. 4 e 5:8. Habac. 2:11. Os antigos admiravam tal variedade e consideravam a construção mais sólida. Vit. i. 5. Eupólemo (ap. Eus. præp. ix. 34.) observa que essas vigas eram presas entre si, no templo, por ganchos de cobre, pesando cada um um talento. H.—Tal era a estrutura do átrio interior. C.",,
2KI.3.1,1,<em>Achab.</em> Joram succeeded his brother. C. 1:17.,<em>Acab.</em> Joram sucedeu a seu irmão. C. 1:17.,,
2KI.6.14,14,"<em>Of an</em>, or, “of <em>the</em> army.” To take one man was judged of such consequence; and Benadad feared lest the Israelites should rise up in his defence. H.","<em>De um</em>, ou, ""do <em>the</em> exército."" Capturar um único homem era considerado de tal importância; e Benadad temia que os israelitas se levantassem em sua defesa. H.",,
2KI.6.18,18,"<em>Blindness.</em> The blindness here spoken of was of a particular kind, which hindered them from seeing the objects that were really before them; and represented other different object to their imagination; so that they no longer perceived the city of Dothan, nor were able to know the person of Eliseus; but were easily led by him, whom they took to be another man, to Samaria. Sot that he truly told them; <em>this is not the way, neither is this the city</em>, &c. because he spoke with relation to <em>the way</em>, and to <em>the city</em> which was represented to them. Ch.—Stratagems in war are lawful. S. Chrys, &c. Grot. Jur. iii. 1. 17. The words of the prophet might be merely ironical.—<em>Blindness</em>, Sept. <em>αορασια</em>, “not seeing” certain objects, while they could perceive others; as was the case of the men who sought Lot’s door at Sodom; (Gen. 19:11. C.) and the eyes of the disciples were held, that they might not know our Saviour. Eliseus had left his house, going towards Samaria to meet the soldiers; and when they asked him where the prophet dwelt, he answered truly, <em>This</em>, &c. For he was then near the royal city, and is above was at Dothan. Salien. H.—The reprobate will thus acknowledge their error, when it is too late, at the last day.","<em>Cegueira.</em> A cegueira aqui mencionada era de espécie particular, que os impedia de ver os objetos que estavam realmente diante deles, e representava outros objetos diferentes à sua imaginação; de modo que não mais percebiam a cidade de Dotã, nem eram capazes de reconhecer a pessoa de Eliseu; mas foram facilmente conduzidos por ele, a quem tomaram por outro homem, até Samaria. De sorte que ele lhes disse com verdade: <em>este não é o caminho, nem esta é a cidade</em>, &c. porque falou em relação <em>ao caminho</em> e <em>à cidade</em> que lhes era representada. Ch.—As estratagemas na guerra são lícitas. S. Crísostomo, &c. Grot. Jur. iii. 1. 17. As palavras do profeta podiam ser meramente irônicas.—<em>Cegueira</em>, Sept. <em>αορασια</em>, ""não ver"" certos objetos, podendo perceber outros; como ocorreu com os homens que buscavam a porta de Ló em Sodoma; (Gên. 19:11. C.) e os olhos dos discípulos foram retidos para que não reconhecessem nosso Salvador. Eliseu havia deixado sua casa, indo em direção a Samaria ao encontro dos soldados; e quando estes lhe perguntaram onde o profeta morava, respondeu com verdade: <em>Esta</em>, &c. Pois estava então próximo da cidade real, e acima estava em Dotã. Salien. H.—Os réprobos reconhecerão assim o seu erro, quando já for tarde, no último dia.",,
2KI.18.36,36,"<em>The people.</em> The three legates, ( C.) Isai. 36:21. <em>And they held their peace.</em> H.","<em>O povo.</em> Os três legados, ( C.) Is. 36:21. <em>E ficaram em silêncio.</em> H.",,
2KI.21.11,11,"<em>Doings.</em> Heb. “idols,” v. 2. See C. 17:12. H.","<em>Obras.</em> Heb. ""ídolos,"" v. 2. Cf. C. 17:12. H.",,
1CH.23.11,11,"<em>Children.</em> All together were not more than the children of each of the preceding, so that they only formed one class. T.—It would have been too burdensome for them to have performed the same service with those who were far more numerous: ( H.) therefore the sons of Semei were joined with the family of Leedan: ( C.) or rather Jaus and Baria went together, as one family.—<em>Counted.</em> Heb. “in one class, according to <em>their</em> father’s house.” H.","<em>Filhos.</em> Todos juntos não eram mais numerosos que os filhos de cada um dos precedentes, de modo que formaram apenas uma classe. T.—Teria sido demasiado oneroso para eles desempenhar o mesmo serviço que os muito mais numerosos: ( H.) por isso os filhos de Semei foram reunidos à família de Leedan: ( C.) ou antes Jaus e Baria foram juntos, como uma só família.—<em>Contados.</em> Hebr. ""numa só classe, segundo a casa de <em>seu</em> pai."" H.",,
2CH.15.6,6,"<em>Nation</em>, both in the times of Baasa, who fought against Asa, and afterwards. For the same prophecy may be literally explained of more thing than one. M.—<em>Distress.</em> Our Saviour says, <em>Then shall they deliver you up to be afflicted</em>, &c. <em>But he that shall persevere to the end, shall be saved.</em>","<em>Nação</em>, tanto nos tempos de Baasa, que lutou contra Asa, como depois. Pois a mesma profecia pode ser literalmente explicada de mais de uma coisa. M.—<em>Angústia.</em> Nosso Salvador diz, <em>Então vos entregarão para serdes afligidos</em>, &c. <em>Mas aquele que perseverar até o fim, será salvo.</em>",,
2CH.26.6,6,"<em>In.</em> Prot. “about Ashdod.” Sept. “he built (or repaired) the cities of Azotus,” to keep under the Philistines, who had revolted under Joram. C. 21:16.","<em>Em.</em> Prot. ""perto de Asdode."" Sept. ""ele construiu (ou reparou) as cidades de Azoto,"" para manter sob controle os filisteus, que haviam se revoltado sob Joram. C. 21:16.",,
2CH.33.16,16,"<em>And praise.</em> Prot. “thanks-offerings.” Sept. “a victim of salvation and praise.” H.—The sacrifice might be accompanied with canticles.—Ps. 26:6, &c. C.","<em>E louvor.</em> Prot. ""ações de graças."" Sept. ""uma vítima de salvação e louvor."" H.—O sacrifício poderia ser acompanhado de cânticos.—Sl. 26:6, &c. C.",,
EZR.8.10,10,"<em>Sons of.</em> Sept. supply “Baani,” whose name occurs, C. 2:10, and is here visibly wanting. C.","<em>Filhos de.</em> Sept. supre ""Baani,"" cujo nome aparece em C. 2:10 e aqui está visivelmente ausente. C.",,
NEH.4.10,10,"<em>Juda.</em> Some of the Jews, ( M.) who were dispirited at the greatness of the work and the threats of the enemy.—<em>Burdens.</em> Sept. “of the enemies.” Arab. “the Jews were strengthened, there were many porters, but they could not finish the work.” C.—<em>Rubbish</em> to be removed. T.","<em>Judá.</em> Alguns dos judeus, ( M.) que estavam desanimados com a grandeza da obra e as ameaças do inimigo.—<em>Cargas.</em> Sept. ""dos inimigos."" Árabe. ""os judeus foram fortalecidos, havia muitos carregadores, mas não conseguiam terminar a obra."" C.—<em>Entulho</em> a ser removido. T.",,
NEH.8.10,10,"<em>Wine.</em> Heb. and Sept. “things.” Syr. and Arab. have simply, “drink.”—<em>Portions.</em> The Greeks styled them, <em>μεριδες</em>; and the Latins, <em>sportulæ.</em> The custom prevailed not only among the Jews, (Est. 9:19) but also among Christians and pagans. Moses frequently exhorts the people to invite the poor; (Deut. 16:14) and S. Paul blames the rich Corinthians, for giving no part of their feast to them. 1 Cor. 11:21.—<em>Strength.</em> By this holy joy, we shall be encouraged to perform all our duties. C.—Sept. “Be not downcast, because he (the Lord) is our strength.” H.","<em>Vinho.</em> Heb. e Sept. ""coisas."" Sírio e árabe têm simplesmente ""bebida.""—<em>Porções.</em> Os gregos as denominavam <em>μεριδες</em>; e os latinos, <em>sportulæ.</em> O costume prevalecia não só entre os judeus, (Est. 9:19) mas também entre cristãos e pagãos. Moisés exorta frequentemente o povo a convidar os pobres; (Dt 16:14) e São Paulo censura os ricos coríntios por não reservarem nenhuma parte de seu banquete a eles. 1 Cor. 11:21.—<em>Força.</em> Por esta santa alegria, seremos encorajados a cumprir todos os nossos deveres. C.—Sept. ""Não vos entristeçais, porque ele (o Senhor) é a nossa força."" H.",,
NEH.13.16,16,"<strong>Ver.16.</strong> <em>Tyrians.</em> Who had established themselves there, for the sake of commerce, though the chosen people ought to have kept them at a great distance, for fear of seduction. C.","<strong>Ver.16.</strong> <em>Tírios.</em> Que ali se haviam estabelecido por causa do comércio, embora o povo eleito devesse tê-los mantido a grande distância, por temor de sedução. C.",,
TOB.6.3,3,<em>And.</em> This verse is not in Greek. Tobias and the fish were both in the water. C.,<em>E.</em> Este versículo não está no grego. Tobias e o peixe estavam ambos na água. C.,,
JDT.1.9,9,"<em>Jesse</em>, or Gessen, where Joseph placed his brethren. Gen. 46:34.","<em>Jesse</em>, ou Gessen, onde José instalou seus irmãos. Gên. 46:34.",,
JDT.15.10,10,"<em>She.</em> Gr. “They were gone into her <em>apartment</em>, they,” &c.—<em>Art the.</em> Gr. adds, “great joy, and the great boast of our race; because thou hast done all these things with thy hand, thou hast procured the good of Israel, and God hath been pleased with them. Be thou blessed by the omnipotent Lord for ever.” H.—Judith was a figure of the blessed Virgin, to whom these praises chiefly belong. Fulbert. W.","<em>Ela.</em> Gr. ""Eles foram ao seu <em>aposento</em>, eles,"" &c.—<em>És a.</em> Gr. acrescenta, ""grande alegria, e o grande orgulho da nossa raça; porque fizeste todas estas coisas com tua própria mão, procuraste o bem de Israel, e Deus se agradou delas. Sê bendita pelo Senhor onipotente para sempre."" H.—Judite foi uma figura da bem-aventurada Virgem, a quem estes louvores pertencem principalmente. Fulberto. W.",,
1MA.9.4,4,"<em>Berea</em>, or Beroth, in Benjamin, not far from <em>Laisa</em>, or Lesen, (Jos. 18:25) where Judas was encamped, ( C.) with 3000 (Gorion); Josephus says 1000; Rufin translates 2000.","<em>Bereia</em>, ou Beroth, em Benjamim, não longe de <em>Laisa</em>, ou Lesen (Jos. 18:25), onde Judas estava acampado (C.) com 3000 (Gorion); Josefo diz 1000; Rufino traduz 2000.",,
2MA.1.19,19,"<em>Persia.</em> Babylonia, called here Persia, from being afterwards a part of the Persian empire. Ch.—Thus S. Chrys. (H. 6. in Mat.) says, the Jews were delivered from “the Persian captivity.” W.—All beyond the Euphrates was now called Persia.—<em>Valley</em> of Topheth, where ( C.) it is still shewn. Doubdan.—The miraculous pit was enclosed by Artaxerxes. C. 5:23. H.—Four miracles occurred respecting this fire. v. 20. 22. 32. W.","<em>Pérsia.</em> Babilônia, aqui denominada Pérsia por ter-se tornado posteriormente parte do império persa. Ch.—Assim S. Crisóstomo (H. 6. in Mat.) afirma que os judeus foram libertados ""do cativeiro persa."" W.—Tudo além do Eufrates era então chamado de Pérsia.—<em>Vale</em> de Tofete, onde (C.) ainda se mostra. Doubdan.—O poço milagroso foi cercado por Artaxerxes. C. 5:23. H.—Quatro milagres ocorreram a respeito desse fogo. v. 20. 22. 32. W.",,
2MA.5.2,2,"<em>Days.</em> These things were not seen only by people inclined to superstition, or for a short time. There must be true prodigies, as so many false ones have been published. Josephus records what happened before the last siege of Jerusalem, de Bel. vii. 12. C.—Miraculous visions foreshew the wrath of God against sinners, and admonish all to repent, as the emperor Charlemagne interpreted the appearance of a great comet. Fascic. rerum. W.—Yet such things are sometimes only natural effects, which the ignorant misapply. This was not here the case. H.","<em>Dias.</em> Essas coisas não foram vistas apenas por pessoas inclinadas à superstição, nem por pouco tempo. Devem ser prodígios verdadeiros, visto que tantos falsos foram publicados. Josefo registra o que aconteceu antes do último cerco de Jerusalém, de Bel. vii. 12. C.—Visões miraculosas prenunciam a ira de Deus contra os pecadores e exortam a todos ao arrependimento, como o imperador Carlos Magno interpretou o aparecimento de um grande cometa. Fascic. rerum. W.—Contudo, tais coisas são às vezes apenas efeitos naturais que os ignorantes mal interpretam. Não era esse o caso aqui. H.",,
2MA.10.3,3,"<em>Stones;</em> “heated,” (Gr. Syr. Serar.) or by miracle, (Arab. Gorion. T.) or striking fire with a flint upon tinder. In this manner the Church still renews fire on Holy Saturday. The Jews could not use profane fire in the temple. Lev. 10:1. God restored the sacred fire by miracle. C. 1:18. &c. Pagans have had many superstitious customs with regard to fire. C.","<em>Pedras;</em> ""aquecidas,"" (Gr. Syr. Serar.) ou por milagre, (Arab. Gorion. T.) ou fazendo fogo com pederneira sobre isca. Desse modo a Igreja ainda renova o fogo no Sábado Santo. Os judeus não podiam usar fogo profano no templo. Lev. 10:1. Deus restaurou o fogo sagrado por milagre. C. 1:18. &c. Os pagãos tiveram muitos costumes supersticiosos com relação ao fogo. C.",,
JOB.30.23,23,<em>Liveth.</em> Death is a relief to a just man in tribulation. W.,<em>Vive.</em> A morte é um alívio para um homem justo na tribulação. W.,,
JOB.36.32,32,"<em>Hands</em>, or clouds, which are compared to a hand. 3 K. 18:44. He opens his hand, and light appears. This expression denotes the utmost facility with which a very surprising thing is effected.—<em>To come.</em> Heb. “by this obstacle.” He alludes to the sun’s eclipse, as if God’s hand covered its disk. C.—Prot. “He … commandeth it <em>not to shine</em>, by <em>the cloud</em> that cometh betwixt.”","<em>Mãos</em>, ou nuvens, que são comparadas a uma mão. 3 Rs. 18:44. Ele abre a sua mão, e a luz aparece. Esta expressão denota a máxima facilidade com que algo surpreendente é realizado.—<em>Para vir.</em> Heb. ""por este obstáculo."" Ele alude ao eclipse do sol, como se a mão de Deus cobrisse o seu disco. C.—Prot. ""Ele… ordena que <em>não brilhe</em>, pela <em>nuvem</em> que vem entre eles.""",,
JOB.37.23,23,"<em>Worthily.</em> Heb. “the Almighty, we cannot find him out,” ( H.) or comprehend his nature or mysteries. C.","<em>Dignamente.</em> Heb. ""o Todo-Poderoso, não podemos encontrá-lo,"" ( H.) ou compreender sua natureza ou mistérios. C.",,
PSA.6.11,11,"<em>Troubled.</em> This is a prophecy, (S. Aug.) or a prayer for their speedy and earnest conversion, (S. Jer. C.) or a threat if they persist. W.—<em>Speedily.</em> At the last day, the wicked will perceive how short life has been. <em>Tuncsentient peccatores quam non sit longa omnis vita quæ transit.</em> S. Aug.","<em>Perturbados.</em> Isto é uma profecia, (S. Ag.) ou uma oração pela sua conversão rápida e sincera, (S. Jer. C.) ou uma ameaça caso persistam. W.—<em>Brevemente.</em> No último dia, os ímpios perceberão quão curta foi a vida. <em>Tunc sentient peccatores quam non sit longa omnis vita quæ transit.</em> S. Ag.",,
PSA.9.1,1,"<em>The hidden things of the son.</em> The humility and sufferings of Christ, the <em>Son</em> of God; and of good Christians, who are his <em>sons</em> by adoption; and called <em>hidden things</em>, with regard to the children of this world, who know not the value and merit of them. Ch.—It may also signify, “to Ben, the master of music, over the young women.” See 1 Par. 15:18. C. M.—These authors have joined <em>almuth</em>, which S. Jerom, &c. read as tow words, “<em>on</em> the <em>death</em> of the son.” Prot. “upon Muth Labben.” David might allude to the death of Absalom, or of some of his other children. But he has his Son, Christ, the conqueror of death and hell, principally in view, as this psalm sings of victory over nations. His incarnation and the afflictions of Christians are hidden in God. W.—<em>Lamnatseach</em> has generally a preposition, <em>l, al</em>, &c. after it, which might induce us to prefer rendering “death,” before “secrets or young women.” H.—But <em>al</em> may be understood, as it is found Ps. 45., where all have, “for the secrets.” In Heb. this psalm is divided (Bert.) at v. 22nd, and formerly it seems at the 17th. C.—This division is arbitrary, and of no consequence for the understanding of the psalms. Bert.—It would be well if there were no more serious controversy between Catholics and Protestants. The Jews agree with neither. Some unite the 1st and 2nd, as Kimchi does the 114th and 115th. Amama.—What is here rendered <em>a psalm for David</em>, is the same in the Heb. and Sept. as has been before expressed <em>of David.</em> Ps. 3. H.","<em>As coisas ocultas do filho.</em> A humildade e os sofrimentos de Cristo, o <em>Filho</em> de Deus; e dos bons cristãos, que são seus <em>filhos</em> por adoção; e chamadas <em>coisas ocultas</em> em relação aos filhos deste mundo, que não conhecem o valor e o mérito delas. Ch.—Pode também significar ""a Ben, o mestre de música, sobre as jovens."" Ver 1 Par. 15:18. C. M.—Esses autores uniram <em>almuth</em>, que S. Jerônimo etc. lê como duas palavras, ""<em>sobre</em> a <em>morte</em> do filho."" Prot. ""sobre Muth Labben."" Davi poderia aludir à morte de Absalão, ou de algum de seus outros filhos. Mas tem em vista principalmente seu Filho, Cristo, o vencedor da morte e do inferno, pois este salmo canta a vitória sobre as nações. Sua Encarnação e as aflições dos cristãos estão ocultas em Deus. W.—<em>Lamnatseach</em> geralmente tem uma preposição, <em>l, al</em>, etc. após ele, o que poderia levar-nos a preferir traduzir ""morte"" em vez de ""segredos ou jovens."" H.—Mas <em>al</em> pode estar subentendido, como se encontra no Sl. 45., onde todos têm ""para os segredos."" Em Heb. este salmo é dividido (Bert.) no v. 22, e antigamente parece ter sido no 17º. C.—Esta divisão é arbitrária e não tem consequência para a compreensão dos salmos. Bert.—Seria bom que não houvesse controvérsia mais séria entre católicos e protestantes. Os judeus não concordam com nenhum dos dois. Alguns unem o 1º e o 2º, como Kimchi faz com o 114º e o 115º. Amama.—O que aqui se traduz como <em>um salmo para Davi</em> é o mesmo em Heb. e Sept. que foi antes expresso como <em>de Davi.</em> Sl. 3. H.",,
PSA.9.4,4,"<em>Back;</em> routed. After Saul’s family was taken off, none durst oppose David. They saw that the Lord had set him on the throne. C.—Only after his sin, rebels began to molest him. H.—The Fathers explain this of the devil and his agents. S. Jer.—God repelleth the enemy, when man is not able to resist. W.","<em>Derrotados;</em> postos em fuga. Após a extinção da família de Saul, ninguém ousou opor-se a Davi. Viram que o Senhor o havia colocado no trono. C.—Somente após o seu pecado é que os rebeldes começaram a molestá-lo. H.—Os Padres explicam isto a respeito do diabo e de seus agentes. S. Jer.—Deus repele o inimigo quando o homem não é capaz de resistir. W.",,
PSA.12.2,2,"<em>Day;</em> frequently. W.—Sept. adds, “and night.” C.—These cares and perplexities arise from persecutions and from man’s weakness. W.","<em>Dia;</em> frequentemente. W.—A Septuaginta acrescenta: ""e noite."" C.—Esses cuidados e perplexidades surgem das perseguições e da fraqueza humana. W.",,
PSA.19.1,1,"<em>David.</em> This psalm was to be sung when he or his successors went to battle. In a higher sense, it may allude to the victories of Christ, and of his Church. Bert.—Christian must offer up this prayer for their governors. W.—It was probably composed when the Ammonites and Syrians made such great preparations for war, v. 8 and 2 K. 10:6. 18. C.","<em>Davi.</em> Este salmo devia ser cantado quando ele ou seus sucessores iam à batalha. Em sentido mais elevado, pode aludir às vitórias de Cristo e de sua Igreja. Bert.—O cristão deve oferecer esta oração por seus governantes. W.—Foi provavelmente composto quando os amonitas e os sírios fizeram grandes preparativos para a guerra, v. 8 e 2 Rs 10:6. 18. C.",,
PSA.33.15,15,"<em>Good.</em> It will not suffice to refrain from criminal actions. Ps. 36:27.—<em>Peace</em>, both private and public. Jer. 29:7. C.—A person may, notwithstanding, have much to suffer. But S. Peter prevents this objection, by proclaiming those happy who suffer for justice sake. v. 14. Bert.—Good works are necessary as well as faith. W.","<em>Bem.</em> Não bastará abster-se de ações criminosas. Sl. 36:27.—<em>Paz</em>, tanto privada quanto pública. Jer. 29:7. C.—Uma pessoa pode, não obstante, ter muito a sofrer. Mas S. Pedro previne esta objeção, proclamando bem-aventurados os que sofrem pela justiça. v. 14. Bert.—As boas obras são necessárias assim como a fé. W.",,
PSA.38.10,10,"<em>It.</em> S. Aug. reads “me,” conformably to some copies of the Sept. Arab, &c. C.—He is at a loss to explain the reason of the prophet, and suggests that this perhaps ought to be referred to the following sentence, “<em>Because thou hast made me, remove</em>,” &c. H.—Such is the inconvenience of having incorrect copies. Amama.—The Alex. and Vat. Sept. both have <em>me</em>, ( H.) which his omitted in Complut. C.—David knew that he was scourged by divine Providence. W.","<em>Isto.</em> S. Agostinho lê ""a mim,"" conformemente a algumas cópias do Sept. Árabe &c. C.—Ele se vê em dificuldade para explicar a razão do profeta, e sugere que talvez isso deva ser referido à frase seguinte, ""<em>Porque tu me fizeste, afasta</em>,"" &c. H.—Tal é o inconveniente de se possuírem cópias incorretas. Amama.—O Sept. Alex. e Vat. ambos têm <em>a mim</em>, ( H.) o que está omitido na Complut. C.—Davi sabia que era flagelado pela divina Providência. W.",,
PSA.39.1,1,"<em>Psalm.</em> Prot. intimate that this was not in the Heb.; but we find <em>mizmor</em>, “canticle,” which is equivalent. H.—David speaks of his own restoration to health as a figure of Jesus Christ, who is principally intended, Heb. 10:7. The end of the psalm is nearly the same with the 69th. C.—Some arbitrarily (Bert.) explain the words with relation to the revolt of Absalom. Bossuet.—Others think it may refer to the captives, (Ven. Bede) to Daniel, or Jeremias, rescued from prison. See Theodoret, who explains it of men waiting for the general resurrection. It may express the sentiments of the Church, when the persecutions ceased. Euthym.—Christ sometimes speaks in his own name, and sometimes in that of his members. S. Amb. S. Aug. C.—It is certain that David had Christ in view; and if he alludes to himself, it is only as the figure of him. Bert.","<em>Salmo.</em> Os Prot. insinuam que isso não estava no Heb.; mas encontramos <em>mizmor</em>, ""cântico,"" que é equivalente. H.—Davi fala de sua própria restauração à saúde como figura de Jesus Cristo, que é principalmente intentado, Heb. 10:7. O final do salmo é quase o mesmo que o 69.º. C.—Alguns arbitrariamente (Bert.) explicam as palavras em relação à revolta de Absalão. Bossuet.—Outros pensam que pode referir-se aos cativos, (Ven. Beda) a Daniel, ou a Jeremias, resgatado da prisão. Veja Teodoreto, que o explica dos homens que aguardam a ressurreição geral. Pode exprimir os sentimentos da Igreja quando cessaram as perseguições. Eutím.—Cristo fala ora em seu próprio nome, ora em nome de seus membros. S. Ambrósio, S. Agostinho. C.—É certo que Davi tinha Cristo em vista; e se alude a si mesmo, é apenas como figura dEle. Bert.",,
PSA.39.17,17,"<em>Magnified.</em> Thus may those speak, who sincerely love God. W.",<em>Glorificado.</em> Assim podem falar aqueles que sinceramente amam a Deus. W.,,
PSA.55.9,9,"<em>I have.</em> Prot. “thou tellest my wanderings: put thou my tears into thy bottle. <em>Are</em> the not in thy book?” S. Jer. “thou hast numbered my most secret things: place my tears in thy sight,” &c. H.—Sept. render the sense clearer. Bert.—God has promised to relieve the distressed, who confided in him.","<em>Tenho.</em> Prot. ""tu contastes os meus errantes passos: põe as minhas lágrimas no teu odre. <em>Não</em> estão elas no teu livro?"" S. Jer. ""tu numeraste as minhas coisas mais secretas: coloca as minhas lágrimas diante de ti"", etc. H. — A Septuaginta torna o sentido mais claro. Bert. — Deus prometeu aliviar os atribulados que nele confiaram.",,
PSA.80.15,15,"<em>Soon. Forsitan</em>, “perhaps,” ( H.) does not here imply a doubt, ( M.) but rather the ease and liberty ( W.) with which God could have rescued his people (Heb.) “in a moment.” C. Bert.","<em>Em breve. Forsitan</em>, ""talvez,"" ( H.) não implica aqui uma dúvida, ( M.) mas antes a facilidade e liberdade ( W.) com que Deus poderia ter resgatado o seu povo (Heb.) ""num momento."" C. Bert.",,
PSA.83.6,6,"<em>In his heart, he disposed to ascend by steps</em>, &c. <em>ascensiones in corde suo disposuit.</em> As <em>by steps</em> men <em>ascends</em> toward the eternal temple by certain <em>steps</em> of virtue <em>disposed</em> or ordered within the heart. And this whilst he lives as yet in the body, in this <em>vale of tears, the place</em> which man hath <em>set:</em> that is, which he hath brought himself to: being cast out of paradise for his sin. Ch.—There is no standing still. “As the saint daily advances, so the sinner daily decreases.” S. Jer. C.—Heb. of these three following verses is variously rendered. The Sept. are the most ancient, and very exact. Bert.—<em>Heart.</em> “The more you love, the higher will you ascend.” S. Aug.—Heb. “the paths are in his heart. Passing in the vale of tears, they shall place (or deem) it a fountain. The teacher shall be clothed with benediction. They shall go from strength to strength: they shall appear before God in Sion.” S. Jer. H.—Three words occasion the difference: <em>abri</em>, “passing,” means also, “disposing.” Sept. have only used it as a singular, to agree with <em>man, Main</em>, “a fountain,” may have been read <em>maun</em>, “for the place.”—<em>Al</em>, means, “the God,” and “to.” Bert.—Amama says the points are different. But we have often shewn the futility of that objection; which might regulate the versions of the Masorets, but could have no influence on those who lived many ages before their invention. They are neglected here by the authors of Prin. disc. “the God almighty shall appear in Sion.” H.","<em>Em seu coração, dispôs a subir por degraus</em>, &c. <em>ascensiones in corde suo disposuit.</em> Assim como <em>por degraus</em> os homens <em>sobem</em> em direção ao templo eterno por certos <em>degraus</em> de virtude <em>dispostos</em> ou ordenados no interior do coração. E isto enquanto ainda vive no corpo, neste <em>vale de lágrimas, o lugar</em> que o homem <em>estabeleceu:</em> isto é, ao qual se reduziu, tendo sido expulso do paraíso por seu pecado. Ch.—Não há estagnação. ""Assim como o santo avança diariamente, assim o pecador diariamente decresce."" S. Jer. C.—O hebraico desses três versículos seguintes é traduzido de maneiras diversas. Os Setenta são os mais antigos e muito exatos. Bert.—<em>Coração.</em> ""Quanto mais amardes, tanto mais alto subireis."" S. Ag.—Heb. ""os caminhos estão em seu coração. Passando pelo vale de lágrimas, colocá-lo-ão (ou o considerarão) como uma fonte. O mestre será revestido de bênção. Irão de força em força: aparecerão diante de Deus em Sião."" S. Jer. H.—Três palavras ocasionam a diferença: <em>abri</em>, ""passando,"" significa também ""dispondo."" Os Setenta o empregaram apenas como singular, para concordar com <em>homem</em>. <em>Main</em>, ""uma fonte,"" pode ter sido lido <em>maun</em>, ""pelo lugar.""—<em>Al</em> significa ""o Deus,"" e ""a."" Bert.—Amama diz que as pontuações são diferentes. Mas mostramos repetidas vezes a futilidade dessa objeção, que poderia regular as versões dos massoretas, mas não poderia ter influência sobre os que viveram muitos séculos antes de sua invenção. São aqui negligenciadas pelos autores do Prin. disc. ""o Deus todo-poderoso aparecerá em Sião."" H.",,
PSA.83.8,8,"<em>Blessing.</em> Abundance of water, and other necessaries, (2 Cor. 9:6) as well as ( H.) spiritual graces, which help those who continue in the true Church to arrive at the vision of God. W.—<em>Virtue</em>, or “company,” in which manner the Israelites went to the temple. C.—<em>God.</em> And not merely the temple, &c. as here on earth. M.","<em>Bênção.</em> Abundância de água e de outras necessidades, (2 Cor. 9:6) bem como ( H.) graças espirituais, que auxiliam os que perseveram na verdadeira Igreja a alcançar a visão de Deus. W.—<em>Virtude</em>, ou ""companhia,"" da maneira como os israelitas iam ao templo. C.—<em>Deus.</em> E não meramente o templo, &c. como aqui na terra. M.",,
PSA.88.30,30,"<em>Heaven.</em> This can only be verified in Christ, who rules over all, and gives power to his Church unto the end. The family of David has been confounded with the rest of the nation for nearly 2,000 years. C.—The temporal dominion of those princes has ceased in Jechonias, ( D.) like that of other monarchs; so that God had in view a different throne, (Bert. v. 5) and the Messias, who would render the kingdom of David perpetual, ( M.) in a spiritual sense. H.","<em>Céu.</em> Isso somente pode ser verificado em Cristo, que governa sobre todos e dá poder à sua Igreja até o fim. A família de Davi foi confundida com o resto da nação por quase 2.000 anos. C.—O domínio temporal desses príncipes cessou em Jeconias, ( D.) como o de outros monarcas; de modo que Deus tinha em vista um trono diferente, (Bert. v. 5) e o Messias, que tornaria perpétuo o reino de Davi, ( M.) em sentido espiritual. H.",,
PSA.106.27,27,<em>Up.</em> They knew not how to proceed. <em>Ambiguis ars stupet ipsa malis.</em> C.,<em>Perplexos.</em> Não sabiam como prosseguir. <em>Ambiguis ars stupet ipsa malis.</em> C.,,
PSA.113.17,17,"or <strong>HebrewPsalm 115. Ver. 9.</strong> <em>The house</em>, is not now in Hebrew. But it occurs in the parallel passage, (Ps. 134) where the imperative is used, as the Hebrew is here pointed. C.—“Israel trusts … house of Aaron, trust ye in the Lord,” (Mont.) which is much in favour of this text, though S. Jerom, &c. agree with the Sept. C.—Houbigant rejects the Heb. reading, and <em>the house of Israel</em> occurs, v. 12. Bert.—All the people, the priests, and converts from paganism, are invited to praise the Lord. S. Chrys. Acts 2:5 and 10:2 and 13:16. C.—The Church always comprised two distinct orders, the clergy and the laity. M.","ou <strong>Salmo 115 hebraico. Ver. 9.</strong> <em>A casa</em> não consta agora no hebraico. Mas ocorre na passagem paralela (Sl. 134), onde se emprega o imperativo, conforme o hebraico está aqui apontado. C.—""Israel confia … casa de Aarão, confiai no Senhor,"" (Mont.) o que muito favorece este texto, embora S. Jerônimo, etc. concordem com os LXX. C.—Houbigant rejeita a leitura hebraica, e <em>a casa de Israel</em> ocorre no v. 12. Bert.—Todo o povo, os sacerdotes e os convertidos do paganismo são convidados a louvar ao Senhor. S. Crisóst. At 2:5 e 10:2 e 13:16. C.—A Igreja sempre compreendeu duas ordens distintas: o clero e os leigos. M.",,
PSA.118.40,40,"<em>Quicken.</em> The just prays for greater perfection, and for perseverance. W.",<em>Vivifica.</em> O justo ora por maior perfeição e pela perseverança. W.,,
PSA.118.137,137,"<em>Right.</em> He therefore makes people just indeed, and does not barely impute justice to them. W.","<em>Justo.</em> Portanto, torna as pessoas verdadeiramente justas, e não lhes imputa a justiça apenas nominalmente. W.",,
PSA.119.3,3,"<em>Added.</em> This is an usual form of denouncing vengeance. Ruth 1:17. The Babylonians are threatened with God’s judgments, v. 4. Some place these words in the mouth of God, answering the captives. How shall you be screened from the shafts of detraction? Fear not. <em>The sharp</em>, &c. C.—What punishment is great enough for this sin? W.","<em>Acrescentou.</em> Esta é uma forma usual de anunciar vingança. Rute 1:17. Os babilônios são ameaçados com os julgamentos de Deus, v. 4. Alguns colocam estas palavras na boca de Deus, respondendo aos cativos. Como sereis protegidos dos dardos da detração? Não temais. <em>O agudo</em>, &c. C.—Que punição é suficientemente grande para este pecado? W.",,
PSA.137.4,4,"<em>Mouth.</em> All kingdoms shall sooner or later, become acquainted with the gospel. W.—The predictions of Jeremias, &c. had been communicated to the neighbouring princes, ( C.) and all might know that God had executed his threats and promises. H.—Yet none of them embraced the true religion, even after the captivity, so that this relates to Christ. Bert.","<em>Boca.</em> Todos os reinos, cedo ou tarde, se familiarizarão com o Evangelho. W.—As profecias de Jeremias etc. haviam sido comunicadas aos príncipes vizinhos (C.) e todos podiam saber que Deus executara suas ameaças e promessas. H.—Todavia nenhum deles abraçou a verdadeira religião, mesmo após o cativeiro, de modo que isto se refere a Cristo. Bert.",,
PSA.142.3,3,"<em>Of old.</em> Lit. “of an age,” ( H.) who are quite forgotten. Lam. 3:6. C.—The devil had violently tempted me, by means of temporal and spiritual calamities. W.—The greatest darkness is that of the heart. Ephes. 4:17. H.","<em>Desde longa data.</em> Lit. ""de uma era"", (H.) completamente esquecidos. Lam. 3:6. C.—O diabo me tentara violentamente, por meio de calamidades temporais e espirituais. W.—As maiores trevas são as do coração. Ef. 4:17. H.",,
PRO.10.21,21,<em>Understanding.</em> Lit. “hear.” H. v. 13.,"<em>Entendimento.</em> Lit. ""ouça."" H. v. 13.",,
PRO.11.2,2,<em>Wisdom.</em> God resists the proud. c. 16:18 and 18:12 and Jam. 4:6.,<em>Sabedoria.</em> Deus resiste aos soberbos. c. 16:18 e 18:12 e Tg. 4:6.,,
PRO.19.7,7,"<em>Only.</em> Heb. has <em>lo</em>, and the marg. <em>lu</em>, with the Vulg. C.—The former word intimates that the words have <em>no</em> solidity, and the latter that they shall be <em>his</em> only portion who is so foolish as to trust in them. <em>Sequens dicta non ispa;</em> (Mont.) or <em>ei ipsa</em>, if we follow the margin. H.","<em>Somente.</em> O Heb. tem <em>lo</em>, e a marg. <em>lu</em>, com a Vulg. C.—A primeira palavra indica que as palavras não têm <em>nenhuma</em> solidez, e a segunda que serão a <em>sua</em> única porção para aquele que for tolo o suficiente para nelas confiar. <em>Sequens dicta non ispa;</em> (Mont.) ou <em>ei ipsa</em>, se seguirmos a margem. H.",,
PRO.21.3,3,<em>Mercy.</em> Sept. “justice and truth.” H. See Os. 6:6. M.,"<em>Misericórdia.</em> Sept. ""justiça e verdade."" H. Ver Os. 6:6. M.",,
ECC.2.9,9,"<em>Wisdom</em>, not that which was supernatural, and could not be found amid such delights. v. 3. Jam. 3:17. I knew that all this was vanity. C.","<em>Sabedoria</em>, não aquela que era sobrenatural e não podia ser encontrada em meio a tais deleites. v. 3. Tg. 3:17. Eu sabia que tudo isso era vaidade. C.",,
ECC.8.17,17,"<em>Reason.</em> We know in general that God does all for his own glory, and for the welfare of his elect. But we cannot account for his treatment of mankind in particular cases. Rom. 11:33. S. Jer. C.—<em>Say.</em> Sept. “speak what thing soever, that he may know he,” &c. H.","<em>Razão.</em> Sabemos em geral que Deus faz tudo para sua própria glória e para o bem de seus eleitos. Mas não podemos explicar seu modo de agir com a humanidade em casos particulares. Rom. 11:33. S. Jer. C. — <em>Dizer.</em> Sept. ""falar o que quer que seja, para que ele saiba,"" &c. H.",,
ECC.12.12,12,<em>Not.</em> I have had experience of all.—<em>End.</em> They can teach nothing farther. C.—,<em>Não.</em> Tenho experiência de tudo. — <em>Fim.</em> Nada mais podem ensinar. C. —,,
SNG.5.3,3,"<em>Garment.</em> By this is designated the tunic, which was undermost. H.—<em>Feet.</em> People in that climate had their feet bare in the house, and even on journies only wore sandals: so that frequent washing was requisite. Gen. 18:4 and 1 Tim. 5:10. These excuses were vain, and Christ would not regard them. Matt. 25:1. Lu. 12:35. Theod. C.—The care of souls brings on many external occupations, which contemplative men would decline. S. Greg. M.","<em>Vestido.</em> Por isso designa-se a túnica, que ficava por baixo. H.— <em>Pés.</em> As pessoas naquele clima tinham os pés descalços em casa e, mesmo nas viagens, usavam apenas sandálias; de modo que a lavagem frequente era necessária. Gn 18:4 e 1 Tim 5:10. Essas desculpas eram vãs, e Cristo não as consideraria. Mt 25:1. Lc 12:35. Teod. C.— O cuidado das almas acarreta muitas ocupações externas, das quais os homens contemplativos se eximiriam. S. Greg. M.",,
SIR.3.30,30,<em>Congregation.</em> The proud or obstinate sinner will take no advice. Prov. 18:3. C.,<em>Congregação.</em> O pecador orgulhoso ou obstinado não aceita conselho algum. Prov. 18:3. C.,,
SIR.7.12,12,"<em>Soul.</em> Whether the person have incurred a fault or not, we ought to shew pity, reflecting on our own frailty. 1 Cor. 10:12.","<em>Alma.</em> Quer a pessoa tenha incorrido em falta ou não, devemos mostrar compaixão, refletindo sobre a nossa própria fraqueza. 1 Cor. 10:12.",,
SIR.10.2,2,"<em>Therein. Regis ad exemplum totus componitur orbis.</em> Claud.—As a whole city is infected with the vices of princes, so it may be corrected by their good behaviour, (<em>continentiâ.</em>) Cic. Leg. 3.","<em>Nisto. Regis ad exemplum totus componitur orbis.</em> Claud.—Assim como uma cidade inteira é infectada pelos vícios dos príncipes, assim pode ser corrigida pelo bom comportamento deles, (<em>continentiâ.</em>) Cic. Leg. 3.",,
SIR.13.10,10,<em>Humbled.</em> By foolishly attempting to rival the sumptuous feasts of the great. V. 9 and 11 are not in the Greek. H.,<em>Humilhado.</em> Por tentar tolamente rivalizar com os suntuosos banquetes dos grandes. Os v. 9 e 11 não se encontram no grego. H.,,
SIR.19.1,1,"<em>Little.</em> Small expenses, often repeated, will ruin an estate, ( H.) and the neglect of venial sins is of the most dangerous consequence. C.—The best way to avoid great faults, is to guard against small ones. W.","<em>Pouco.</em> Pequenas despesas, frequentemente repetidas, arruinarão um patrimônio, ( H.) e a negligência dos pecados veniais é da mais perigosa consequência. C.—O melhor modo de evitar as grandes faltas é guardar-se das pequenas. W.",,
SIR.21.6,6,<em>Speedily.</em> God is the protector of the poor. Ps. 10:5.,<em>Prontamente.</em> Deus é o protetor dos pobres. Sl. 10:5.,,
SIR.21.23,23,"<strong>Ver.23.</strong> <em>Low.</em> A smiling countenance is commendable, but loud laughter is to be avoided. Clem. Pæd. ii. 5.—It causes too great a change, (Plato, Rep. 3.) and is a mark of folly. Eccle. 7:5. S. Aug. c. Acad. ii. 2.","<strong>Ver.23.</strong> <em>Baixo.</em> Uma fisionomia sorridente é louvável, mas a gargalhada ruidosa deve ser evitada. Clem. Pæd. ii. 5.—Ela provoca mudança excessiva, (Platão, Rep. 3.) e é sinal de loucura. Ecle. 7:5. S. Agos. c. Acad. ii. 2.",,
SIR.22.21,21,"<em>Cost.</em> Of lime. C.—Gr. omits this comparison, as well as the 23d verse. H.","<em>Custo.</em> De cal. C.—O Gr. omite esta comparação, assim como o versículo 23. H.",,
SIR.25.24,24,"<em>Sackcloth.</em> And is black when passion bursts forth, though women too frequently conceal their anger to take deeper vengeance.","<em>Cilício.</em> E fica negra quando a paixão irrompe, embora as mulheres com demasiada frequência dissimulam a sua ira para tomar vingança mais profunda.",,
SIR.27.25,25,"<em>Off.</em> Some Gr. copies have, “he who knows him will depart from him.” It is difficult to guard against a false friend, who winks as if he desired to please us, ( C.) while he really seeks our ruin. v. 26.","<em>Dele.</em> Algumas cópias gr. têm: ""quem o conhece se afastará dele."" É difícil guardar-se de um falso amigo, que acena com os olhos como se desejasse nos agradar, ( C.) enquanto na verdade busca nossa ruína. v. 26.",,
SIR.31.11,11,"<em>In</em>, &c. Gr. Alex. “and wisdom (Grabe substitutes <em>the Church</em>) shall proclaim his alms.” H.—God will bless his riches. C.","<em>Em</em>, &c. Gr. Alex. ""e a sabedoria (Grabe substitui <em>a Igreja</em>) proclamará as suas esmolas."" H.—Deus abençoará as suas riquezas. C.",,
SIR.38.15,15,"<em>Physician.</em> This state is very troublesome, and a punishment of sin. v. 10.",<em>Médico.</em> Este estado é muito penoso e um castigo do pecado. v. 10.,,
SIR.48.27,27,"<em>At last.</em> After the captivity, (Is. 2:2. C.) or in the days of the Messias. M.","<em>Por fim.</em> Após o cativeiro, (Is. 2:2. C.) ou nos dias do Messias. M.",,
ISA.10.17,17,<em>Light.</em> God. H.—<em>Thorns.</em> Private soldiers. C.,<em>Luz.</em> Deus. H.—<em>Espinhos.</em> Soldados rasos. C.,,
ISA.26.16,16,"<em>They.</em> Sept. “We,” &c. C.—Affliction is a wholesome medicine. H.","<em>Eles.</em> Sept. ""Nós,"" &c. C.—A aflição é um remédio salutar. H.",,
ISA.35.6,6,"<em>Free.</em> Our Saviour healed both soul and body, ( C.) shewing by his works (Jo. 10. W.) that he had fulfilled this prediction. Lu. 7:22. Mat. 11:5.—<em>Waters.</em> Baptism has sanctified the most wicked.","<em>Livre.</em> Nosso Salvador curou tanto a alma quanto o corpo, ( C.) mostrando por suas obras (Jo. 10. W.) que havia cumprido esta profecia. Lc. 7:22. Mt. 11:5.—<em>Águas.</em> O Batismo santificou os mais perversos.",,
ISA.39.1,1,"<em>And.</em> Sept. add, “ambassadors and presents.” See 4 K. 20:12. C.","<em>E.</em> A Septuaginta acrescenta: ""embaixadores e presentes."" Ver 4 Rs. 20:12. C.",,
ISA.52.11,11,"<em>Lord</em>, the Levites departing from Babylon. 1 Esd. 1:7. Num. 3:6 and 4:5. &c. C.—S. Paul proves hence that communication with infidels in spiritual things is always unlawful. 2 Cor. 6:17. W.","<em>Senhor</em>, os levitas que partiam da Babilônia. 1 Esd. 1:7. Núm. 3:6 e 4:5. &c. C.—São Paulo prova daí que a comunhão com os infiéis nas coisas espirituais é sempre ilícita. 2 Cor. 6:17. W.",,
ISA.57.8,8,"<em>Remembrance.</em> Domestic gods. S. Jer. The <em>Lares</em> or <em>Penates</em> were usually placed in the court or porch. The Jews probably used Hecate or Trivia, for the same purpose. C. 65:11 and 66:17. To prevent this impiety, God had ordered some of the law to be written on the doors. Deut. 6:9. But this it seems was disregarded. 4 K. 23:8 and 1 Mac. 1:58. Ezec. 8:5.—<em>Near me.</em> Idols were placed in the very temple. Jer. 35:15 and 4 K. 21:4. Ezec. 8:3 and 16:17. C.—<em>Hand.</em> Prot. “where thou sawest it.” Thou didst even invite thy lovers by presents. Ezec. 16:32. H.","<em>Lembrança.</em> Deuses domésticos. S. Jer. Os <em>Lares</em> ou <em>Penates</em> eram habitualmente colocados no pátio ou na entrada. Os judeus provavelmente usavam Hécate ou Trívia para o mesmo fim. C. 65:11 e 66:17. Para prevenir esta impiedade, Deus havia ordenado que parte da lei fosse escrita nas portas. Deut. 6:9. Mas isso parece ter sido negligenciado. 4 Rs. 23:8 e 1 Mac. 1:58. Ezec. 8:5.—<em>Perto de mim.</em> Ídolos eram colocados no próprio templo. Jer. 35:15 e 4 Rs. 21:4. Ezec. 8:3 e 16:17. C.—<em>Mão.</em> Prot. ""onde tu o viste."" Tu até convidavas os teus amantes com presentes. Ezec. 16:32. H.",,
JER.2.24,24,<em>Away.</em> The female may easily be found by the poisonous <em>hippo-manes.</em> Georg. iii.—Thus Jerusalem is an impudent prostitute. H.,<em>Para longe.</em> A fêmea pode ser facilmente encontrada pelo venenoso <em>hipomanes.</em> Georg. iii.—Assim Jerusalém é uma prostituta impudente. H.,,
JER.2.31,31,"<em>See</em>, or hear. The <em>sword</em> seems to be animated. C.—<em>Lateward.</em> Heb. “darksome land.” Have I not heaped blessings on my people?—<em>Revolted.</em> Prot. “Lords.” H.","<em>Vê</em>, ou ouve. A <em>espada</em> parece estar animada. C.—<em>Tardiamente.</em> Heb. ""terra tenebrosa."" Acaso não amontoei bênçãos sobre o meu povo?—<em>Revoltado.</em> Prot. ""Senhores."" H.",,
JER.7.7,7,<em>Dwell.</em> Heb. and Sept. as v. 3. H.,<em>Habitai.</em> Heb. e Sept. como v. 3. H.,,
JER.7.18,18,"<em>Heaven.</em> That is, the moon, which they worshipped under that name. Ch.—Some understand the sun also the stars. C. 44:17. Is. 65:11. All the family contributes to promote this idolatry.","<em>Céu.</em> Isto é, a lua, que eles adoravam sob esse nome. Ch.—Alguns entendem também o sol e as estrelas. C. 44:17. Is. 65:11. Toda a família contribui para promover essa idolatria.",,
JER.7.32,32,"<em>Place</em>, elsewhere. H.—This was verified when Nabuchodonosor and Titus besieged the city. C.—The latter was quite shocked. Jos. Bel. vi. 14. See C. 19 and 31:40.","<em>Lugar</em>, em outro lugar. H.—Isso se verificou quando Nabucodonosor e Tito sitiaram a cidade. C.—Este último ficou completamente chocado. Jos. Bel. vi. 14. Ver C. 19 e 31:40.",,
JER.9.5,5,"<em>Iniquity.</em> It is become natural to them. S. Jer.—They cannot lay the blame on the violence of passion. They sin on purpose. C.—Sept. “they have not left off, (6) in order to be converted. Usury upon usury; fraud upon fraud; they,” &c. H.","<em>Iniquidade.</em> Tornou-se-lhes natural. S. Jer.—Não podem atribuir a culpa à violência da paixão. Pecam deliberadamente. C.—Sept. ""não deixaram de (6) converter-se. Usura sobre usura; fraude sobre fraude; eles,"" &c. H.",,
JER.11.23,23,"<em>Remains.</em> All these priests shall perish. Ps. 36:28. H.—He speaks of the wicked, as a remnant was still left. C. 4. Is. 10. W.","<em>Restos.</em> Todos esses sacerdotes perecerão. Sl 36:28. H.—Ele fala dos ímpios, pois ainda restava um remanescente. C. 4. Is. 10. W.",,
JER.14.3,3,"<em>Water.</em> Siloe was the only spring near, and it was often dry, (S. Jer.) though it was formerly abundant, (Jos. Bel. vi. 6.) as well as the fountain of Gehon. The city was furnished with cisterns. C.—But all was now dry. H.—<em>Heads;</em> mourning. 2 K. 15:30.","<em>Água.</em> Siloé era a única fonte próxima, e muitas vezes estava seca, (S. Jer.) embora outrora fosse abundante, (Jos. Bel. vi. 6.) assim como a fonte de Giom. A cidade era abastecida com cisternas. C.—Mas tudo estava agora seco. H.—<em>Cabeças;</em> em luto. 2 Rs. 15:30.",,
JER.15.6,6,"<em>Intreating thee.</em> Heb. “of being intreated;” (S. Jer.) or, “of repenting,” and suspending the effects of my wrath. C.—Sept. “I will no longer spare them.” H.","<em>Suplicando-te.</em> Heb. ""de ser suplicado;"" (S. Jerônimo) ou, ""de me arrepender,"" e suspender os efeitos da minha ira. C.—Sept. ""Não mais os pouparei."" H.",,
JER.18.4,4,"<em>Broken.</em> So Providence ordered it. S. Jer.—How should this idea humble man! C.—A potter may mould afresh the clay as long as it is soft, but God can change the hardest heart. W.","<em>Quebrado.</em> Assim o ordenou a Providência. S. Jerônimo.—Como esta ideia deve humilhar o homem! C.—Um oleiro pode moldar novamente a argila enquanto ela está mole, mas Deus pode mudar o coração mais endurecido. W.",,
JER.25.20,20,"<em>In.</em> Heb. “the mixed multitude,” (Ex. 12:38. C.) or “Arabs.” Grot.—<em>Ausitis</em>, near Palmyra. Job 1:1.—<em>Azorus</em>, taken by the Egyptians, and afterwards by the Chaldees. C. 47:2.","<em>Em.</em> Heb. ""a multidão mista,"" (Ex. 12:38. C.) ou ""árabes."" Grot.—<em>Ausitis</em>, perto de Palmira. Jó 1:1.—<em>Azoro</em>, tomado pelos egípcios, e depois pelos caldeus. C. 47:2.",,
JER.27.18,18,"<em>Hosts.</em> If they prevail, account me a false prophet. C.—The things taken shall not be soon restored; but more shall be conveyed away. W.","<em>Exércitos.</em> Se prevalecerem, considerai-me falso profeta. C.—As coisas tomadas não serão restituídas tão cedo; mas mais ainda serão levadas. W.",,
JER.30.8,8,"<em>Strangers.</em> Idols. The people were not so prone to worship them. Yet the Jews were almost constantly subject to foreigners ( C.) <em>despectissima pars servientium, Macedonibus invalidis … sibi ipsis reges imposuere.</em> Tacit. Hist. 5.—Christ granted a more perfect liberty to the faithful. Jo. 8:33. C.","<em>Estrangeiros.</em> Ídolos. O povo não era tão propenso a adorá-los. Contudo, os judeus estiveram quase constantemente sujeitos a estrangeiros ( C.) <em>despectissima pars servientium, Macedonibus invalidis … sibi ipsis reges imposuere.</em> Tacit. Hist. 5.—Cristo concedeu uma liberdade mais perfeita aos fiéis. Jo. 8:33. C.",,
JER.36.4,4,"<em>Book.</em> This was afterwards burnt. What he wrote a second time has not come down to us, in the same order. Jeremias made us of his memory, which was directed by the Holy Spirit. C.","<em>Livro.</em> Este foi posteriormente queimado. O que ele escreveu pela segunda vez não chegou até nós na mesma ordem. Jeremias serviu-se de sua memória, que era guiada pelo Espírito Santo. C.",,
JER.39.9,9,"<em>Army.</em> Heb. “slayers,” denoting soldiers, cooks, and sacrificers. Gen. 37:36.—<em>Remained</em>, having escaped the sword, &c. They had been spared when Joakim and Jechonias were taken.","<em>Exército.</em> Heb. ""assassinos,"" designando soldados, cozinheiros e sacrificadores. Gên. 37:36.—<em>Restaram</em>, tendo escapado da espada, &c. Haviam sido poupados quando Joaquim e Jeconias foram capturados.",,
JER.40.14,14,<em>Baalis.</em> Queen. Grot.—The Ammonites sought the entire ruin of the Jews.,<em>Baalis.</em> Rainha. Grot.—Os amonitas buscavam a ruína total dos judeus.,,
JER.43.8,8,"<em>Taphnis</em>, or <em>Daphnæ Pelusiæ</em>, sixteen miles from Pelusium, (Antonin.) the Hanes of Isaias, (30:4) and key of Egypt. It was a royal city.","<em>Tafnis</em>, ou <em>Dafne Pelusiaca</em>, a dezesseis milhas de Pelúsio, (Antonin.) o Hanes de Isaías (30:4) e chave do Egito. Era uma cidade real.",,
JER.46.9,9,"<em>Men.</em> Soldiers formed one of the principal classes among the Egyptians. Herod. ii. 164.—<em>Ethiopians.</em> Heb. “Cush,” in Lower Egypt, on the Red Sea.—<em>Lybians.</em> Heb. “Phut, another son of Cham, inhabiting the Nome Phtenethu.” Ezec. 30:5. Nah. 3:2.—<em>Lydians.</em> Their situation is not known.","<em>Homens.</em> Os soldados formavam uma das principais classes entre os egípcios. Herod. ii. 164.—<em>Etíopes.</em> Heb. ""Cush,"" no Baixo Egito, no Mar Vermelho.—<em>Líbios.</em> Heb. ""Phut, outro filho de Cam, habitando o Nome Phtenethu."" Ezec. 30:5. Nah. 3:2.—<em>Lídios.</em> Sua localização não é conhecida.",,
EZK.1.8,8,"<em>Wings.</em> Their arms were covered with feathers, and the hand appeared at the extremity; or they had four arms under the wings. C. 10:8. They all came from the shoulders, so as to correspond with the four faced animal, v. 6. C.—Others believe that each face had four wings, so that the animal would have sixteen. Maldonat.—In Is. 9:2 the cherub has six wings. The form was variable, as there was nothing in nature similar. They were perhaps designed to represent the eternity and dominion of God over the whole creation. v. 28. H.","<em>Asas.</em> Os braços estavam cobertos de penas, e a mão aparecia na extremidade; ou tinham quatro braços sob as asas. C. 10:8. Todas saíam dos ombros, de modo a corresponder ao animal de quatro faces, v. 6. C.—Outros creem que cada face tinha quatro asas, de modo que o animal teria dezesseis. Maldonat.—Em Is. 9:2 o querubim tem seis asas. A forma era variável, pois não havia nada semelhante na natureza. Foram talvez concebidas para representar a eternidade e o domínio de Deus sobre toda a criação. v. 28. H.",,
EZK.4.14,14,<em>Ah.</em> He makes the same exclamation as Jeremias. 1:6. Heb. <em>aha.</em> Theodot. “Oh!” Sept. and Sym. “by no means.” H.—God forbid. Excrements make a person legally unclean. Deut. 23:12. C.,"<em>Ah.</em> Faz a mesma exclamação que Jeremias. 1:6. Heb. <em>aha.</em> Teodot. ""Oh!"" Sept. e Sim. ""de modo nenhum."" H.—Deus me livre. Os excrementos tornam uma pessoa legalmente impura. Deut. 23:12. C.",,
EZK.7.19,19,<em>Iniquity.</em> Riches have fostered their passions: they will not now procure food or liberty. Soph. 1:18. C.—The riches of the idols invited the enemy to plunder. W.,<em>Iniquidade.</em> As riquezas alimentaram suas paixões: não servirão agora para obter alimento ou liberdade. Soph. 1:18. C.—As riquezas dos ídolos convidaram o inimigo ao saque. W.,,
EZK.12.3,3,"<em>Removing.</em> Lit. “vessels of transmigration,” ( H.) or bundles, ( C.) and what was requisite for travelling, ( W.) or in exile. H.—All this, to C. 20 happened five years before the fall of Jerusalem. C.—See C. 8:1. H.","<em>Partindo.</em> Lit. ""vasos de transmigração,"" ( H.) ou fardos, ( C.) e o necessário para a viagem, ( W.) ou no exílio. H.—Tudo isto, até C. 20, aconteceu cinco anos antes da queda de Jerusalém. C.—Veja C. 8:1. H.",,
EZK.12.10,10,"<em>Jerusalem.</em> The people regarded not Jeremias. This prediction would be sent to them to confirm what he said, while it would tend to keep up the spirits of those who were in captivity. Theod. C.—<em>Israel.</em> The people, or those of the ten tribes who had retired thither. M.","<em>Jerusalém.</em> O povo não deu atenção a Jeremias. Esta predição lhes seria enviada para confirmar o que ele disse, ao mesmo tempo que serviria para manter o ânimo daqueles que estavam no cativeiro. Teod. C.—<em>Israel.</em> O povo, ou os das dez tribos que se haviam retirado para lá. M.",,
EZK.13.5,5,"<em>Enemy.</em> You do not admonish sinners of their evil ways, nor strive to avert God’s indignation, in imitation of true prophets, (Ex. 32:10) but rather undermine the wall like foxes.","<em>Inimigo.</em> Não admoestais os pecadores sobre seus maus caminhos, nem vos esforçais para desviar a indignação de Deus, à imitação dos verdadeiros profetas, (Ex. 32:10) mas antes solapais o muro como raposas.",,
EZK.17.20,20,"<em>Net.</em> C. 12:13. C.—<em>Judge</em>, punish. H.—His sentence was pronounced at Reblatha. 4 Kin. 25:7. C.","<em>Rede.</em> C. 12:13. C.—<em>Julgar</em>, punir. H.—Sua sentença foi pronunciada em Reblata. 4 Rs. 25:7. C.",,
EZK.19.3,3,"<em>Whelps;</em> Joachaz, or Sellum, ( Ch.) who reigned only three months, like his brother Jechonias. H.—The four last kings were all cruel. W.","<em>Filhotes;</em> Joachaz, ou Sellum, ( Ch.) que reinou apenas três meses, como seu irmão Jeconias. H.—Os quatro últimos reis foram todos cruéis. W.",,
EZK.33.25,25,"<em>To them.</em> Grabe marks to v. 27. <em>Thus saith</em>, &c. as wanting in the Sept. though not in the Alex. copy. S. Jerom reckons eight verses or lines omitted. H.—The Comp. and Theodoret read them with some variations.—<em>The blood.</em> It must be carefully extracted. Gen. 9:4. Lev. 7:26.—<em>Uncleannesses;</em> idols, in which you trust.","<em>A eles.</em> Grabe indica até v. 27. <em>Assim diz</em>, &c. como faltando no Sept., embora não na cópia Alex. S. Jerônimo conta oito versículos ou linhas omitidos. H.—O Comp. e Teodoreto os leem com algumas variações.—<em>O sangue.</em> Deve ser cuidadosamente extraído. Gen. 9:4. Lev. 7:26.—<em>Impurezas;</em> ídolos, nos quais confiais.",,
EZK.34.5,5,"<em>Field.</em> The people being neglected, followed false prophets and idols. Their teachers were so far from striving to reclaim them, that they perhaps shewed them the example. C.","<em>Campo.</em> O povo, negligenciado, seguiu falsos profetas e ídolos. Seus mestres estavam tão longe de se esforçar para reconduzí-los, que talvez lhes tenham dado o exemplo. C.",,
EZK.35.6,6,"<em>Blood.</em> The Machabees sprung from the same stock. Pursue the Idumeans, and force them to receive circumcision. 1 Mac. 4:15.",<em>Sangue.</em> Os Macabeus provinham do mesmo tronco. Persegui os idumeanos e forçai-os a receber a circuncisão. 1 Mac. 4:15.,,
EZK.42.4,4,"<em>One cubit</em>, projecting out perhaps for seats, or for the pilasters.","<em>Um côvado</em>, projetando-se talvez para assentos ou para as pilastras.",,
DAN.3.20,20,"<em>Strongest.</em> Chal. “mighty in strength;” ( H.) his own guards, the usual executioners.","<em>Mais fortes.</em> Cald. ""poderosos em força;"" ( H.) seus próprios guardas, os habituais executores.",,
DAN.4.5,5,"<em>Colleague.</em> Chal. also, “another, <em>or</em> afterwards, ( H.) or at last.” C.—<em>My god.</em> He says this, because the name of <em>Baltassar</em>, or <em>Belteshazzar</em>, is derived from the name of <em>Bel</em>, the chief god of the Babylonians. Ch.—<em>Gods.</em> He speaks conformably to his false opinion; (S. Jer.) or, being instructed by Daniel, he testifies that the Holy Spirit enlightens the prophet. Theod. Gr. has “god,” which S. Jerom disapproves; though the plural is often used for the true God. Reason evinces that only the Deity can disclose the secrets of futurity. Gen. 41:38. C.","<em>Colega.</em> Cald. também, ""outro, <em>ou</em> depois, ( H.) ou finalmente."" C.—<em>Meu deus.</em> Ele diz isso porque o nome de <em>Baltasar</em>, ou <em>Belteshazar</em>, deriva do nome de <em>Bel</em>, o deus principal dos babilônios. Ch.—<em>Deuses.</em> Ele fala em conformidade com sua falsa opinião; (S. Jer.) ou, instruído por Daniel, testifica que o Espírito Santo ilumina o profeta. Teod. O Gr. tem ""deus,"" o que São Jerônimo desaprova; embora o plural seja frequentemente usado para designar o verdadeiro Deus. A razão demonstra que somente a Divindade pode revelar os segredos do futuro. Gn 41:38. C.",,
DAN.12.2,2,"<em>Many.</em> This shews the great number. All shall rise again. In a figurative sense, the Jews who seemed buried shall appear and fight.—<em>To see.</em> Heb. “everlasting.” C.—S. Jerom has not seen a <em>d</em> ( H.) in the word. This text is express for eternal happiness or misery. C.—Some have understood, <em>deraon</em>, “stench,” or contempt, to denote the ignominy of the damned; but the prophet speaks of the times of the Machabees. Houbigant.—All shall rise in their bodies, but all shall not be changed for the better. 1 Cor. 15:51. W.","<em>Muitos.</em> Isso indica o grande número. Todos ressuscitarão. Em sentido figurado, os judeus que pareciam sepultados aparecerão e combaterão.—<em>Para ver.</em> Heb. ""eterno."" C.—S. Jerônimo não encontrou um <em>d</em> (H.) na palavra. Este texto é claro quanto à felicidade ou miséria eternas. C.—Alguns entenderam <em>deraon</em>, ""fedor,"" ou desprezo, para designar o opróbrio dos condenados; mas o profeta fala dos tempos dos Macabeus. Houbigant.—Todos ressuscitarão em seus corpos, mas nem todos serão transformados para melhor. 1 Cor. 15:51. W.",,
HOS.7.11,11,"<em>Decoyed.</em> Heb. “stupid.” C. 4:11. The dove is the only bird which is not grieved at the loss of its young. S. Jer.—It returns to the same nest, though repeatedly robbed, forgetting past dangers. Theod.—Thus Israel is not reclaimed, though idolatry has so often proved its ruin.—<em>Egypt.</em> Jeroboam had returned thither, and at his return brought about a division of the kingdom. 3 K. 11:40. Osee, the last king, applied to Sua, and this provoked the <em>Assyrians</em> to destroy the kingdom. They pretended that it was tributary to them, after Phul had been invited to assist Manahem for a thousand talents. 4 K. 15:19 and 17:4. Thus was a worldly policy confounded.","<em>Seduzida.</em> Heb. ""estúpida."" C. 4:11. A pomba é a única ave que não se aflige com a perda de seus filhotes. S. Jer.—Volta ao mesmo ninho, ainda que repetidamente saqueada, esquecendo os perigos passados. Theod.—Assim também Israel não se corrige, embora a idolatria tantas vezes tenha causado sua ruína.—<em>Egito.</em> Jeroboão havia regressado para lá e, ao voltar, provocou a divisão do reino. 3 Rs. 11:40. Oséias, o último rei, recorreu a Sua, e isso provocou os <em>assírios</em> a destruírem o reino. Eles afirmavam que era tributário deles, depois que Pul fora convidado a assistir a Manaém por mil talentos. 4 Rs. 15:19 e 17:4. Assim foi confundida uma política mundana.",,
JOL.3.2,29,"<em>Handmaids.</em> Sept. of S. Jer. and S. Peter read, <em>my handmaids.</em> “My,” is omitted in both places in Complut. and Heb. and the latter word in the Rom. Sept.","<em>Servas.</em> A Sept. de S. Jer. e S. Pedro lêem, <em>minhas servas.</em> ""Minhas,"" é omitido em ambos os lugares no Complut. e no Hebr., e a última palavra na Sept. romana.",,
AMO.3.4,4,"<em>Nothing?</em> Thus, shall I inveigh against your crimes, if there were no need?","<em>Nada?</em> Assim, clamaria eu contra vossos crimes, se não houvesse necessidade?",,
AMO.5.18,18,"<em>The day.</em> Some imprudently laughed at the prophets. Is. 5:19. Jer. 17:15. Others wished for the coming of the Lord, not reflecting that he would punish their guilt. C.—Thus, many through impatience, desire to die. We must rather, repent, and leave our lives at God’s disposal. S. Jer.","<em>O dia.</em> Alguns imprudentemente riam dos profetas. Is. 5:19. Jer. 17:15. Outros desejavam a vinda do Senhor, sem refletir que ele puniria a culpa deles. C.—Assim, muitos, por impaciência, desejam morrer. Devemos antes nos arrepender e deixar nossas vidas à disposição de Deus. S. Jer.",,
AMO.5.26,26,"<em>A tabernacle</em>, &c. All this alludes to the idolatry which they committed, when they were drawn away by the daughters of Moab to the worship of their gods. Num. 25. Ch.—They imitated the superstitions of Egypt, and bore the image of Osiris, adorned with a star and crescent, on a sort of base, under a canopy. Heb. “You carried the tents of your king and the base of your statues, the star of your gods, which you have made for yourselves.” Sept. by changing ( C.) <em>ciun</em> in <em>Rephan</em>, or <em>ραιφαν</em>, ( H.) have caused great confusion among commentators. If any change were requisite, ( C.) <em>cima</em> ( H.) would be preferable. v. 8. Job 9:9. Yet the Heb. seems to be correct, and <em>chiun</em> denotes a pedestal rather than an idol. Some read <em>Kevan</em>, the Saturn of the Arabs, &c. and think that <em>Rephan</em> has been mistaken for it. The only difficulty is the authority of S. Stephen, who follows the Sept. Acts 7:43. Yet he probably spoke in Syriac, and might pronounce <em>Chevan;</em> though S. Luke might adopt the Sept. in a matter of so little consequence. C. Diss.—This decision may not probably give satisfaction to those who reflect that both these authors were under the immediate influence of the Holy Ghost, and that if an error had crept into the copy of the Sept. he would have corrected it. Truth is always of sufficient consequence. See Kennicott, Diss. ii. p. 344. H.—<em>Chiun</em> and <em>Rephan</em> are “expressive of the same” god or idol, representing the <em>machine</em> of the heavens. The people of Peru worshipped Choun. Parkhurst, p. 137.—<em>Remvan</em> may be Remmon, (4 K. 6:18) or Saturn. Grot.—In a Coptic alphabet of the planets it is thus explained: (De Dieu. Collier. Dict. Sept. and Acts) “You have taken the tabernacle of Moloch, and the star of your Rempham, figures,” &c. Prot. marg. “the <em>Siccuth</em>, your king, and <em>Chiun</em>, your images, the star,” &c. H.","<em>Um tabernáculo</em>, &c. Tudo isso alude à idolatria que cometeram, quando foram seduzidos pelas filhas de Moab ao culto dos seus deuses. Núm. 25. Ch.—Imitaram as superstições do Egito e carregavam a imagem de Osíris, adornada com uma estrela e um crescente, sobre uma espécie de base, sob um dossel. Heb. ""Vós carregastes as tendas do vosso rei e a base das vossas estátuas, a estrela dos vossos deuses, que vós mesmos fizestes."" Sept. ao mudar (C.) <em>ciun</em> em <em>Rephan</em>, ou <em>ραιφαν</em>, (H.) causaram grande confusão entre os comentadores. Se alguma mudança fosse necessária, (C.) <em>cima</em> (H.) seria preferível. v. 8. Jó 9:9. Contudo, o Heb. parece estar correto, e <em>chiun</em> denota um pedestal antes que um ídolo. Alguns lêem <em>Kevan</em>, o Saturno dos árabes, &c., e pensam que <em>Rephan</em> foi confundido com ele. A única dificuldade é a autoridade de S. Estêvão, que segue o Sept. At. 7:43. Todavia, ele provavelmente falava em siríaco e poderia pronunciar <em>Chevan;</em> ainda que S. Lucas pudesse adotar o Sept. em matéria de tão pouca consequência. C. Diss.—Esta decisão provavelmente não satisfará os que refletem que ambos esses autores estavam sob a influência imediata do Espírito Santo, e que, se um erro houvesse se introduzido na cópia do Sept., ele o teria corrigido. A verdade é sempre de suficiente importância. Ver Kennicott, Diss. ii. p. 344. H.—<em>Chiun</em> e <em>Rephan</em> são ""expressões do mesmo"" deus ou ídolo, representando a <em>máquina</em> dos céus. O povo do Peru adorava Choun. Parkhurst, p. 137.—<em>Remvan</em> pode ser Remmon (4 Rs. 6:18) ou Saturno. Grot.—Num alfabeto copta dos planetas assim se explica: (De Dieu. Collier. Dict. Sept. e At.) ""Vós tomastes o tabernáculo de Moloc e a estrela do vosso Rempham, figuras,"" &c. Prot. marg. ""o <em>Siccuth</em>, vosso rei, e <em>Chiun</em>, vossas imagens, a estrela,"" &c. H.
[[[REVIEW:exegese_datada|A passagem trata a leitura textual do Septante como questão resolvida pela autoridade do Espírito Santo, sem considerar as nuances da crítica textual moderna.]]
[[[ID:56736]]]
<em>Damasco</em>, ou <em>Babilônia</em>, (At. 7) para a Mesopotâmia, &c. O sentido é o mesmo. C.—Quando os apóstolos citam passagens, ""não consideram as palavras, mas o sentido."" S. Jer.—Uma cópia grega, porém, traz <em>Damasco</em> nos Atos. H.",,
AMO.9.3,3,"<em>Top</em>, in woods, or caverns.—<em>Serpent.</em> Fishes and sea monsters are so called.","<em>Cimo</em>, em bosques ou cavernas.—<em>Serpente.</em> Peixes e monstros marinhos assim são chamados.",,
MIC.2.3,3,"<em>Time.</em> It was very near. Micheas saw the ruin of Samaria, under Theglathphalassar and Salmanasar.","<em>Tempo.</em> Estava muito próximo. Miquéias viu a ruína de Samaria, sob Teglat-Falasar e Salmanasar.",,
MIC.3.12,12,"<em>Forests</em>, after its destruction by Nabuchodonosor. C.—In the space of three years’ neglect, shrubs were growing in the courts of the temple. 1 Mac. 4:38. H.—Rufus ploughed up the spot where the temple had stood, after the Romans had burnt it down. S. Jer. Jos. Bel. vii. 20.—This prediction made a deep impression on the minds of the people. It caused them to refrain from killing Jeremias. v. 1. C.","<em>Florestas</em>, após a sua destruição por Nabucodonosor. C.—No espaço de três anos de abandono, arbustos cresciam nos átrios do templo. 1 Mac. 4:38. H.—Rufo lavrou o local onde o templo havia estado, depois de os romanos o terem incendiado. S. Jer. Jos. Bel. vii. 20.—Esta predição causou profunda impressão nas mentes do povo. Levou-os a abster-se de matar Jeremias. v. 1. C.",,
MIC.5.11,11,"<em>Sorceries.</em> The Jews after their return abstained more from such things; but not like the Church of Christ, in which idols and dealings with the devil have never been tolerated.","<em>Feitiçarias.</em> Os judeus, após o seu regresso, abstiveram-se mais de tais coisas; mas não como a Igreja de Cristo, na qual ídolos e tratos com o demônio jamais foram tolerados.",,
MIC.7.1,1,"<em>Figs</em>, which are the worst. S. Jer. S. Amb. in Lu. vii. 3. Yet they were eagerly sought after, before the other figs came to maturity. They had escaped the rigours of winter. Such Christ ( C.) seemed to expect. Mark 11:13.","<em>Figos</em>, que são os piores. S. Jer. S. Amb. in Lu. vii. 3. Contudo, eram ansiosamente procurados antes que os outros figos chegassem à maturidade. Haviam escapado ao rigor do inverno. Tais Cristo ( C.) pareceu esperar. Mc. 11:13.",,
NAM.1.13,13,"<em>Asunder.</em> Ezechias was tributary to Assyria. 4 K. 18:14. After the fall of Ninive, its yoke was removed. C.","<em>Em pedaços.</em> Ezequias era tributário da Assíria. 4 Rs. 18:14. Após a queda de Nínive, o seu jugo foi removido. C.",,
HAB.1.2,2,"<em>Save.</em> Some think that he expresses the sentiments of the weak, like David, (Ps. 72:2) or what he had formerly entertained. The language of the prophets is very bold. Ex. 32:32. Job 3:3. Jer. 20:14. Jon. 4:8. C.","<em>Salvar.</em> Alguns pensam que ele exprime os sentimentos do fraco, como Davi, (Sl. 72:2) ou o que havia anteriormente pensado. A linguagem dos profetas é muito ousada. Ex. 32:32. Jó 3:3. Jer. 20:14. Jon. 4:8. C.",,
ZEC.9.15,15,"<em>Sling.</em> At first the Machabees had no other weapon. 1 Mac. 4:6. The sling was much used. Judg. 20:16.—<em>Wine.</em> They will shed blood of the enemy so abundantly, and be all besmeared with it. They would never drink it, like the pagans. Lev. 17:10. C.","<em>Funda.</em> A princípio os Macabeus não tinham outra arma. 1 Mac. 4:6. A funda era muito usada. Jz. 20:16.—<em>Vinho.</em> Derramarão o sangue do inimigo em tanta abundância que ficarão todos ensanguentados. Nunca o beberiam, como os pagãos. Lv. 17:10. C.",,
ZEC.14.2,2,"<em>I will gather</em>, &c. This seems to be a prophecy of what was done by Antiochus, ( Ch.) or of the last siege, ( W.) by the Romans. S. Jer. Theod. Eus. Dem. vi. 18. C.—Vespasian collected numerous forces. Jos. Bel. iii. 1.—Titus had six legions and many auxiliaries, Arabs, &c. Tacit. Hist. v.—Various nations composed their army. W.—<em>Rifled</em>, or demolished. None was left standing. Jos. B. vii. 6. Heges. v. 49.—S. Jerom and others think that the city on Sion was spared, ( C.) and 40,000 were permitted to dwell where they had a mind. Jos. B. vii. 15.—But it is not said that they continued at Jerusalem. Half the Jews therefore perished, and those who maintained the siege found a grave in the city. Theod.—<em>Half</em> only denotes a considerable part, as v. 8. Those who followed our Saviour’s admonition, retired before, and were safe ( C.) at Pella. C. 10:11. Sept. “the rest of my people shall not be destroyed out of the city.”","<em>Congregarei</em>, etc. Parece ser uma profecia do que foi feito por Antíoco, (Ch.) ou do último cerco (W.) pelos romanos. S. Jer. Teod. Eus. Dem. vi. 18. C.—Vespasiano reuniu numerosas forças. Jos. Bel. iii. 1.—Tito tinha seis legiões e muitos auxiliares, árabes, etc. Tácit. Hist. v.—Várias nações compuseram o seu exército. W.—<em>Saqueada</em>, ou demolida. Nenhuma ficou de pé. Jos. B. vii. 6. Heges. v. 49.—S. Jerônimo e outros pensam que a cidade no Sião foi poupada (C.) e 40.000 foram autorizados a habitar onde quisessem. Jos. B. vii. 15.—Mas não se diz que continuaram em Jerusalém. Portanto, metade dos judeus pereceu, e os que sustentaram o cerco encontraram sepultura na cidade. Teod.—<em>Metade</em> denota apenas uma parte considerável, como no v. 8. Os que seguiram a admoestação de Nosso Salvador retiraram-se antes e estavam a salvo (C.) em Pela. C. 10:11. Sept. ""o resto do meu povo não será destruído da cidade.""",,
MAT.4.13,13,"Nazareth was situated in Lower Galilee; and Capharnaum, a maritime town, in Higher Galilee. According to the historian, Josephus, it did not belong to Herod, the tetrarch, who sent the baptist to confinement, but to Philip, the tetrarch, his brother. C.—He leaves Nazareth for good and all, and retires to Capharnaum, a very flourishing and much frequented emporium, both for the Jews and Gentiles. Here he makes his chief residence, a place well calculated for his preaching, being on the limits of both Galilees, although he made frequent excursions through Galilee to disseminate his doctrines. Syn. crit.","Nazaré situava-se na Galileia Inferior; e Cafarnaum, cidade marítima, na Galileia Superior. Segundo o historiador Flávio Josefo, esta não pertencia a Herodes, o tetrarca, que enviou o Batista ao cárcere, mas a Filipe, o tetrarca, seu irmão. C.—Ele deixa Nazaré definitivamente e retira-se a Cafarnaum, empório muito florescente e muito frequentado, tanto pelos judeus quanto pelos gentios. Ali estabelece sua principal residência, lugar bem adequado para sua pregação, situado nos limites das duas Galileias, embora fizesse frequentes excursões pela Galileia para disseminar sua doutrina. Syn. crit.",,
MAT.9.22,22,"<em>Επιστραφεις και ιδων</em>, turning about and seeing, as if he were ignorant, and wished to see who it was that had touched him, as the other evangelists relate. In S. Mark (5:29,) we see she was cured on touching the garment; and Jesus only confirms the cure by what he says in verse 34.—<em>But Jesus turning about.</em> Our divine Saviour, fearing lest he might alarm the woman by his words, says immediately to her, <em>Take courage;</em> and at the same time calls her his daughter, because her faith had rendered her such. S. Chrysos.","<em>Επιστραφεις και ιδων</em>, voltando-se e vendo, como se ignorasse e quisesse ver quem o havia tocado, como os outros evangelistas relatam. Em S. Marcos (5:29,) vemos que ela foi curada ao tocar a veste; e Jesus apenas confirma a cura pelo que diz no versículo 34.—<em>Mas Jesus, voltando-se.</em> Nosso divino Salvador, temendo alarmar a mulher com suas palavras, diz-lhe imediatamente, <em>Tem ânimo;</em> e ao mesmo tempo a chama de filha, porque sua fé a havia tornado tal. S. Crisóstomo.",,
MAT.12.2,2,"<em>That which is not lawful to do on the sabbath-days.</em> The Pharisees blame not the disciples for plucking the ears of corn, as they passed by, (this being allowed, Deut. 23:25) but for doing it on a sabbath-day, as if it had been a breach of the sabbath. Wi.—<em>Behold</em>, &c. The Pharisees here mildly rebuked our Lord; but afterwards, when he restored the withered hand, they rose up against him with such rage, that they formed upon the spot designs of killing him, as in v. 14. When there is nothing great or sublime, they are more quiet, but when with his word only he restores health to the infirm, like furious beasts, they grow enraged. S. Chrysos. hom. xl.","<em>O que não é lícito fazer nos sábados.</em> Os fariseus não repreendem os discípulos por colherem as espigas ao passar, (o que era permitido, Dt 23:25) mas por fazê-lo num dia de sábado, como se fosse uma violação do sábado. Wi.— <em>Eis que</em>, &c. Os fariseus aqui repreenderam brandamente o nosso Senhor; mas depois, quando ele restaurou a mão ressequida, levantaram-se contra ele com tal furor que, no mesmo instante, tramaram matá-lo, como no v. 14. Quando não há nada de grande ou sublime, ficam mais quietos, mas quando com apenas sua palavra ele restaura a saúde ao enfermo, como feras furiosas, enfurecem-se. S. Crisós. hom. xl.",,
MAT.13.8,8,"<em>Some a hundred-fold.</em> This difference of fruits is the difference of merits <em>here</em>, and of the rewards <em>hereafter</em>, according to the diversity of states, &c. S. Augustine, in his work, (<em>de Virginitate, c.</em> xliv, <em>and seq.</em>) saith, that the hundred-fold agreeth with professed virgins; the sixty-fold with religious widows; the thirty-fold with married persons. This old heretic, Jovinian, and many of modern date, deny, affirming that there is no difference of <em>merits</em> or <em>rewards.</em> S. Jer. l. ii. adv. Jovin. Amb. ep. lxxxii. Augustinus ep. lxxxii. B.","<em>Alguns a cem por um.</em> Esta diferença de frutos é a diferença de méritos <em>aqui</em>, e das recompensas <em>na outra vida</em>, conforme a diversidade dos estados, etc. Santo Agostinho, em sua obra (<em>de Virginitate, c.</em> xliv, <em>e seg.</em>), afirma que o cêntuplo corresponde às virgens consagradas; o sessenta por um, às viúvas religiosas; o trinta por um, às pessoas casadas. Este antigo herege, Joviniano, e muitos dos modernos, o negam, afirmando que não há diferença de <em>méritos</em> nem de <em>recompensas.</em> S. Jer. l. ii. adv. Jovin. Amb. ep. lxxxii. Augustinus ep. lxxxii. B.",,
MAT.17.6,6,"<em>And were very much afraid.</em> There were two causes that might produce this fear in the apostles, the cloud that overshadowed them, or the voice of God the Father, which they heard. Their human weakness could not bear such refulgent beams of glory, and trembling in every limb, they fall prostrate on the ground. S. Jer.—The Almighty, it seems, was pleased to fulfil the wish of Peter, thereby to shew that Himself is the tent or pavilion, under the shade of which the blessed shall live for ever, and to sanction the public and explicit confession of Peter relative to the divinity of Jesus Christ, by his own no less public and explicit confession, joined with an express command to hear and obey him. S. Chrysostom very justly remarks, that this voice was not heard till after the departure of Moses and Elias, that no possible doubt might exist to whom it was referred, and that it was to Christ only and to no other.—<em>Hear ye Him:</em> i.e. as the law and the prophets are fulfilled and verified in Jesus Christ, your new legislator and prophet, you are to hear and obey Him in preference to either Moses or Elias, or any other teacher. A.","<em>E ficaram com muito medo.</em> Havia duas causas que podiam produzir esse temor nos apóstolos: a nuvem que os cobriu com sua sombra, ou a voz de Deus Pai, que ouviram. A fraqueza humana não podia suportar tais fulgentes raios de glória e, tremendo em todos os membros, prostram-se por terra. S. Jer.—O Todo-Poderoso pareceu comprazer-se em realizar o desejo de Pedro, a fim de mostrar que Ele mesmo é a tenda ou pavilhão à cuja sombra os bem-aventurados viverão para sempre, e para sancionar a confissão pública e explícita de Pedro quanto à divindade de Jesus Cristo, pela sua própria confissão não menos pública e explícita, acompanhada de um preceito expresso de ouvi-lo e obedecê-lo. S. Crisóstomo observa com toda a razão que esta voz não foi ouvida senão após a partida de Moisés e Elias, para que não pudesse subsistir nenhuma dúvida possível a quem se referia, e que era somente a Cristo e a nenhum outro.—<em>Ouvi-o:</em> isto é, como a lei e os profetas se cumprem e se verificam em Jesus Cristo, vosso novo legislador e profeta, deveis ouvi-lo e obedecê-lo de preferência a Moisés, a Elias ou a qualquer outro mestre. A.",,
MAT.23.38,38,"<em>Behold, your house.</em> Their house shall be deprived of the protection of the God of heaven. He it was that had hitherto preserved them, and he also would inflict upon them those very severe judgments they so much dreaded. S. Chrys. hom. lxxv.","<em>Eis que a vossa casa.</em> A casa deles será privada da proteção do Deus do céu. Era ele quem até então os havia preservado, e seria ele também quem lhes infligiria aqueles julgamentos muito severos que tanto temiam. São Crisóstomo, hom. lxxv.",,
MAT.26.19,19,"<em>And they prepared</em> what was necessary, a lamb, wild lettuce, and unleavened bread. V.","<em>E prepararam</em> o que era necessário: um cordeiro, alface silvestre e pão ázimo. V.",,
MAT.27.44,44,"<em>And the same thing the thievesalso:</em> i.e. one of them, the other being converted, as we find Luke 23:39. Wi.—S. Ambrose, S. Chrysostom, S. Jerom, and Ven. Bede say, that at first both of the thieves blasphemed; but one of them seeing the wonderful things that happened, viz. that the sun was darkened, the rocks split asunder, &c. was terrified and converted, he believed in Jesus, and atoned for his former evil language, by praying to him as to his God. Dion. Carth.","<em>E o mesmo também os ladrões:</em> isto é, um deles, tendo o outro se convertido, como vemos em Lc 23:39. Wi.—Santo Ambrósio, São Crisóstomo, São Jerônimo e o Ven. Beda dizem que, a princípio, ambos os ladrões blasfemaram; mas um deles, vendo as coisas maravilhosas que aconteciam — que o sol se obscureceu, as rochas se fenderam, etc. — aterrou-se e converteu-se, creu em Jesus e expiou sua anterior má linguagem, orando a ele como a seu Deus. Dion. Cartusx.",,
MRK.12.2,2,"The first servant whom the Almighty sent, was Moses; but they <em>sent him away empty;</em> for, says the Psalmist, they provoked him to anger in the camp. Ps. 105. The second servant sent was David, whom <em>they used reproachfully</em>, saying: <em>What have we to do with David?</em> 3 Kings 12:16. The third was the school of the prophets; and which of the prophets did they not kill? Mat. 23. Ven. Bede.","O primeiro servo que o Todo-Poderoso enviou foi Moisés; mas eles <em>o mandaram embora de mãos vazias;</em> pois, diz o Salmista, irritaram-no no acampamento. Sl. 105. O segundo servo enviado foi Davi, a quem <em>trataram com desprezo</em>, dizendo: <em>Que temos nós a ver com Davi?</em> 3 Reis 12:16. O terceiro foi a escola dos profetas; e qual dos profetas eles não mataram? Mat. 23. Ven. Beda.",,
MRK.14.25,25,"This vine represents the Synagogue, according to Isaias. The vine, or vineyard of the Lord of hosts is the house of Israel. Of this vine Christ drank for some time; and though many of the branches were become useless, there were yet many that still brought forth fruit. But Christ now going to his passion, declares that it would be no longer acceptable to him, since the figures were not to pass into reality. Ven. Bede.","Esta vinha representa a Sinagoga, segundo Isaías. A vinha, ou vinhedo do Senhor dos exércitos é a casa de Israel. Desta vinha Cristo bebeu por algum tempo; e embora muitos dos ramos se tivessem tornado inúteis, havia ainda muitos que continuavam a produzir fruto. Mas Cristo, indo agora à sua paixão, declara que ela não mais lhe seria aceitável, uma vez que as figuras não haviam de passar à realidade. Ven. Beda.",,
LUK.4.43,43,"From the apparent good dispositions of these people, we might be induced to think, that if Christ had yielded to their solicitations, and remained with them, he could have drawn all to himself; yet he did not choose to do this, but has left us an example worthy of our imitation, in seeking out the perishing and strayed sheep; for by the salvation of one soul, our many sins will be remitted. S. Chrys. in cat. Græc. Pat. hom. in Matt.","Pelas aparentes boas disposições dessas pessoas, poderíamos ser levados a pensar que, se Cristo tivesse cedido às suas súplicas e permanecido com elas, poderia ter atraído a todos a si; no entanto, não quis fazer isso, mas nos deixou um exemplo digno de imitação, ao buscar a ovelha que perece e se extravia; pois pela salvação de uma alma, muitos dos nossos pecados nos serão remitidos. S. Crisóst. in cat. Græc. Pat. hom. in Matt.",,
LUK.6.13,13,"These twelve Christ chose as individual companions and domestics. To these he committed the charge of founding and governing his Church. He sent them as legates, or ambassadors, (for this is the import of the word <em>apostle</em>) to all the world. Hence their power was more universal than that of bishops, which is confined to their own dioceses or districts. The jurisdiction of the apostles was not limited to place. Tirinus.—This power which Jesus Christ delegated to his apostles, and which was for the benefit and regulation of the universal Church in all future ages, the apostles, in their turn, delegated to their successors in the ministry, with such regulations and limitations as have been judged in the Holy Ghost necessary for the proper government of the spiritual kingdom of God upon earth. And it is the height of presumption to question any ordinations that come to us with the authority of the Catholic Church: for, “whatever the Church says, is true; whatever she permits is lawful; whatever she forbids, is evil; whatever she ordains, is holy; whatever she institutes, is good.” S. Augustine.—How futile then is the objection of Calvin, who pretends, that an apostle, being nothing but a legate, can make no laws, nor prescribe or teach any thing not expressed in his <em>mandatum!</em> Calv. Inst. l. iv. c. 8.","Estes doze Cristo os escolheu como companheiros e domésticos particulares. A estes confiou a incumbência de fundar e governar sua Igreja. Enviou-os como legados, ou embaixadores, (pois este é o significado da palavra <em>apóstolo</em>) a todo o mundo. Por isso seu poder era mais universal do que o dos bispos, que é limitado às suas próprias dioceses ou distritos. A jurisdição dos apóstolos não estava limitada ao lugar. Tirino.—Este poder que Jesus Cristo delegou a seus apóstolos, e que era para o benefício e regulação da Igreja universal em todas as eras futuras, os apóstolos, por sua vez, delegaram a seus sucessores no ministério, com as regulamentações e limitações que foram julgadas no Espírito Santo necessárias para o bom governo do reino espiritual de Deus sobre a terra. E é o cúmulo da presunção questionar quaisquer ordenações que nos chegam com a autoridade da Igreja Católica: pois, ""tudo o que a Igreja diz é verdadeiro; tudo o que ela permite é lícito; tudo o que ela proíbe é mau; tudo o que ela ordena é santo; tudo o que ela institui é bom."" Santo Agostinho.—Quão fútil é, portanto, a objeção de Calvino, que pretende que um apóstolo, não sendo senão um legado, não pode fazer leis, nem prescrever ou ensinar coisa alguma não expressa em seu <em>mandatum!</em> Calv. Inst. l. iv. c. 8.
[[[REVIEW:tom_polemico|O comentário qualifica explicitamente a posição de Calvino como ""fútil"", em tom polêmico direto contra a Reforma.]]
[[[ID:58966]]]
<em>Judas</em>, cognominado Tadeu em S. Mateus x. 3. e em S. Marcos 3:18. No início de sua epístola ele se intitula Judas, irmão de Tiago. V.",,
LUK.7.22,22,"<strong>Ver.22.</strong> Then addressing himself to these disciples of John, he ordered them to go and relate to their master all they had seen and heard; and to tell him, that he declared all those to be happy, who, strong in faith, should not take occasion to doubt of his divine power, (the proofs of which they had so recently seen) from the weakness of his flesh, which he had taken upon himself for the love of man.—Jesus Christ alludes to the known and full testimonies that had been given of him by the prophets. <em>The Lord giveth food to the hungry, the Lord looseth them that are in fetters, the Lord enlighteneth the blind, he lifteth up them that are cast down, … and he who does these things, shall reign for ever thy God, O Sion, from generation to generation.</em> Ps. 145 S. Ambrose.—The words of the prophet Isaias are not less descriptive of the promised Messias: <em>God himself will come, and will save you. Then shall the eyes of the blind be opened, and the ears of the deaf unstopped. The lame man shall leap as a hart, and the tongue of the dumb shall be free.</em> Isai. 35:4, 5, 6. Theophylactus.","<strong>Ver.22.</strong> Em seguida, dirigindo-se a esses discípulos de João, ordenou-lhes que fossem relatar ao seu mestre tudo o que tinham visto e ouvido; e que lhe dissessem que ele declarava felizes todos aqueles que, firmes na fé, não tomassem ocasião de duvidar de seu poder divino — cujas provas tinham visto tão recentemente — por causa da fraqueza da carne que havia assumido por amor ao homem.—Jesus Cristo alude aos conhecidos e plenos testemunhos que os profetas haviam dado a seu respeito. <em>O Senhor dá alimento aos famintos, o Senhor liberta os que estão acorrentados, o Senhor ilumina os cegos, ele levanta os abatidos, … e aquele que faz estas coisas reinará eternamente, ó Sião, teu Deus, de geração em geração.</em> Sl. 145. S. Ambrósio.—As palavras do profeta Isaías não são menos descritivas do Messias prometido: <em>O próprio Deus virá, e vos salvará. Então os olhos dos cegos serão abertos, e os ouvidos dos surdos desobstruídos. O coxo saltará como um cervo, e a língua do mudo ficará livre.</em> Is. 35:4, 5, 6. Teofilato.",,
LUK.11.29,29,"<em>But the sign of Jonas.</em> Instead of a prodigy in the heavens or in the air, I will give you one in the bosom of the earth, more wonderful than that of the prophet Jonas, who came out alive from the belly of the fish, which had swallowed him. Thus I will return alive from the bosom of the earth three days after my death. Calmet.—He gave them a sign, not from heaven, for they were unworthy to behold it, but from the deep; the sign of his incarnation, not of his divinity; of his passion, not of his glory. V. Bede.","<em>Mas o sinal de Jonas.</em> Em vez de um prodígio nos céus ou no ar, dar-vos-ei um no seio da terra, mais maravilhoso do que o do profeta Jonas, que saiu vivo do ventre do peixe que o havia engolido. Assim também eu voltarei vivo do seio da terra três dias após a minha morte. Calmet.—Deu-lhes um sinal, não do céu, pois eram indignos de contemplá-lo, mas do abismo; o sinal de sua encarnação, não de sua divindade; de sua paixão, não de sua glória. Ven. Beda.",,
LUK.19.42,42,"<em>If thou also hadst known.</em> It is a broken sentence, as it were in a transport of grief; and we may understand, <em>thou wouldst also weep.</em> Didst thou know, even <em>at this day</em>, that <em>peace</em> and reconciliation which God still offers to thee. Wi.—What can be more tender than the apostrophe here made use of by our Saviour! <em>Hadst thou but known</em>, &c. that is, didst thou but know how severe a punishment is about to be inflicted upon thee, for the numberless transgressions of thy people, thou likewise wouldst weep; but, alas! hardened in iniquity, thou still rejoicest, ignorant of the punishment hanging over thy head. Just men have daily occasion to bewail, like our blessed Redeemer, the blindness of the wicked, unable to see, through their own perversity, the miserable state of their souls, and the imminent danger they are every moment exposed to, of losing themselves for ever. Of these, Solomon cries out; (Prov. 2:13) <em>They leave the right way, and walk through dark ways.</em> We ought to imitate this compassion of our blessed Redeemer; and, as he wept over the calamities of the unfortunate Jerusalem, though determined on his destruction; so we ought to bewail the sins not only of our friends, but likewise of our enemies, and daily offer up our prayers for their conversion. D. Dionysius.","<em>Se tu também conhecesses.</em> É uma frase incompleta, como que num transporte de dor; e podemos entender: <em>tu também chorarias.</em> Se soubesses, mesmo <em>neste dia</em>, aquela <em>paz</em> e reconciliação que Deus ainda te oferece. Wi.—Que pode haver de mais tocante do que a apóstrofe aqui empregada por nosso Salvador! <em>Se ao menos soubesses</em>, &c., isto é, se ao menos soubesses quão severo é o castigo que está prestes a ser-te infligido pelas inumeráveis transgressões do teu povo, tu também chorarias; mas, ai!, endurecida na iniquidade, ainda te regozijas, ignorante do castigo que pende sobre a tua cabeça. Os justos têm ocasião diária de lamentar, como o nosso bendito Redentor, a cegueira dos ímpios, incapazes de ver, por sua própria perversidade, o miserável estado de suas almas e o perigo iminente a que estão a cada momento expostos de se perderem para sempre. Destes exclama Salomão: (Prov. 2:13) <em>Abandonam o caminho reto e caminham por vias tenebrosas.</em> Devemos imitar esta compaixão do nosso bendito Redentor; e, como ele chorou sobre as calamidades da infeliz Jerusalém, ainda que resolvido a destruí-la, assim também devemos lamentar os pecados não só dos nossos amigos, mas também dos nossos inimigos, e oferecer diariamente nossas orações por sua conversão. D. Dionísio.",,
ACT.3.20,20,"<em>The times of refreshment.</em> The time of eternal rest and happiness, &c.—These words, <em>you may be saved</em>, must be understood, to make the sense complete. Wi.","<em>Os tempos de refrigério.</em> O tempo do repouso e da felicidade eternos, &c.—Estas palavras, <em>possais ser salvos</em>, devem ser entendidas para que o sentido fique completo. Wi.",,
ACT.6.3,3,"<em>Look ye out among you seven men</em>, and men of a good repute and character, <em>full of the Holy Ghost.</em> Wi.—Diverse circumstances prove, that they were chosen to be about the altar also. They were to be full of the Holy Ghost and wisdom: they received the imposition of the apostles’ hands, and in them S. Paul requireth, in a manner, the same conditions as in bishops; all which would not have been necessary for any secular stewardship. See Acts 13:3. Immediately after their ordination, they preached, baptized, disputed, as we see in S. Stephen, &c. &c. Hence S. Ignatius: “it is ours to please by all means the deacons, who are for the ministry of Jesus Christ; for they are not servitors of meat and drink, but ministers of the Church of God. For what are deacons but imitators or followers of Christ, ministering to bishops, as Christ to his Father, and working unto him a clean and immaculate work, even as S. Stephen to S. James? Ep. ad Tral.","<em>Escolhei dentre vós sete homens</em>, homens de boa reputação e caráter, <em>cheios do Espírito Santo.</em> Wi.— Diversas circunstâncias provam que foram escolhidos para servir também junto ao altar. Deveriam ser cheios do Espírito Santo e de sabedoria: receberam a imposição das mãos dos apóstolos, e neles S. Paulo exige, de certa forma, as mesmas condições que nos bispos; tudo isso não seria necessário para um simples mordomo secular. Ver At 13:3. Logo após a sua ordenação, pregavam, batizavam e disputavam, como vemos em S. Estêvão, etc. Daí S. Inácio: ""é nosso dever agradar por todos os meios aos diáconos, que estão para o ministério de Jesus Cristo; pois eles não são servidores de comida e bebida, mas ministros da Igreja de Deus. Pois que são os diáconos senão imitadores ou seguidores de Cristo, ministrando aos bispos como Cristo ao seu Pai, e realizando para ele uma obra pura e imaculada, assim como S. Estêvão a S. Tiago? Ep. ad Tral.",,
ACT.9.35,35,"Saron, or Assaron, is a mountain and city mentioned by Josue, 12:18. From it all the plain from Cæsarea of Palestine to Joppe, is called Saron. It is a rich fertile country. Tirinus.","Saron, ou Assaron, é uma montanha e cidade mencionada por Josué, 12:18. A partir dela, toda a planície desde Cesareia da Palestina até Joppe é chamada de Saron. É uma região rica e fértil. Tirinus.",,
ACT.13.24,"24, &c.",", &c.</strong> He then brings the testimony, which John the Baptist gave of Jesus, as it is likely many of them had heard of John, and of the great esteem that all the people had of his virtue and sanctity. He tells them that salvation was offered and sent them by Jesus, against whom the chief of the Jews at Jerusalem obtained of Pilate a sentence, that he should be crucified; but that God <em>raised him up from the dead the third day. And we</em>, says he, <em>publish to you this promise</em>, the Messias, promised to our forefathers.",", &c.</strong> Em seguida traz o testemunho que João Batista deu de Jesus, pois é provável que muitos deles tivessem ouvido falar de João e da grande estima que todo o povo tinha de sua virtude e santidade. Diz-lhes que a salvação lhes foi oferecida e enviada por Jesus, contra quem os principais dos judeus em Jerusalém obtiveram de Pilatos uma sentença para que fosse crucificado; mas que Deus <em>o ressuscitou dos mortos no terceiro dia. E nós</em>, diz ele, <em>vos anunciamos esta promessa</em>, o Messias prometido a nossos antepassados.",,
ROM.6.7,7,"<em>He that is dead is justified from sin.</em> [1] Some translate, is freed from sin: this is true; but perhaps it is better to retain the word <em>justified</em>, which is observed to be a law-word used in courts of justice, where to be <em>justified</em> is to be acquitted, so that a man cannot be questioned again on that account; and so are sinners, when their sins are forgiven. Wi.","<em>Aquele que morreu está justificado do pecado.</em> [1] Alguns traduzem: está liberto do pecado — o que é verdadeiro; mas talvez seja melhor conservar a palavra <em>justificado</em>, que é reconhecidamente um termo jurídico usado nos tribunais de justiça, onde ser <em>justificado</em> é ser absolvido, de modo que o homem não pode ser questionado novamente por aquele motivo; e assim são os pecadores quando os seus pecados são perdoados. Wi.",,
ROM.8.19,19,"<em>The expectation</em> [2] <em>of the creature.</em> He speaks of the corporal creation, made for the use and service of man; and, by occasion of his sin made subject to vanity, that is, to a perpetual instability, tending to corruption and other defects; so that by a figure of speech, it is here said to groan and be in labour, and to long for its deliverance, which is then to come, when sin shall reign no more; and God shall raise the bodies, and united them to their souls, never more to separate, and to be in everlasting happiness in heaven. Ch.—<em>Waiteth for the revelation of the sons of God.</em> That is, for the time after this life, when it shall be made manifest that they are the sons of God, and heirs of the kingdom of his glory. Several interpreters understand all creatures whatsoever, even irrational and inanimate creatures of this world, which are represented as if they had a knowledge and sense of a more happy condition, of a new unchangeable state of perfection, which they are to receive at the end of the world. See 2 Pet. 1:13. Apoc. 21:1. Now every insensible creature is figuratively brought in <em>groaning</em> like a woman in labour, <em>waiting</em>, and wishing for that new and happy state; but in the mean time <em>unwillingly made subject to vanity</em>, i.e. to these changeable imperfections of generations and corruptions, which then they shall be <em>delivered from.</em> Wi.—<em>The creature</em>, &c. The creatures expect with impatience, and hope with confidence, to see a happy change in their condition; they flatter themselves that they will be delivered from the captivity of sin, to which man has reduced them, and enter into the liberty of the glory of the sons of God. Not that the inanimate creation will really participate the happiness and glory of the elect; although in some sense they may be said to have part in it, since they will enter into a pure, incorruptible and perfect state to the end of ages. They will no longer be subject to those changes and vicissitudes which sin has brought upon them; nor will sinful man any longer abuse their beauty and goodness in offending the Creator of all. S. Ambrose and S. Jerom teach that the sun, moon, and stars will be then much more brilliant and beautiful than at present, no longer subject to those changes they at present suffer. Philo and Tertullian teach that the beasts of prey will then lay aside their ferocity, and venomous serpents their poisonous qualities. Calmet.—Other, by the <em>creature</em> or creatures, understand men only, and Christians, who groan under miseries and temptations in this mortal life, amidst the <em>vanities</em> of this world, under the <em>slavery of corruption;</em> who having already (v. 23) received <em>the first-fruits of the Spirit</em>, [3] the grace of God in baptism, have been made <em>the children of God</em>, and now, with <em>expectation</em> and great <em>earnestness</em>, wait and long for a more perfect <em>adoption</em> of the sons of God: for the <em>redemption of their bodies</em>, when the bodies, as well as the souls of the elect, shall rise to an immortal life, and complete happiness in heaven. Wi.","<em>A expectação</em> [2] <em>da criatura.</em> Ele fala da criação corporal, feita para uso e serviço do homem; e, por ocasião do seu pecado, sujeita à vaidade, isto é, a uma instabilidade perpétua, tendendo à corrupção e outros defeitos; de modo que, por uma figura de linguagem, diz-se aqui que ela geme e está em trabalho de parto, e ansia pela sua libertação, que há de chegar quando o pecado não mais reinar; e Deus ressuscitará os corpos e os unirá às suas almas, para nunca mais se separarem, e para estarem em eterna felicidade no céu. Ch.—<em>Aguarda a revelação dos filhos de Deus.</em> Isto é, o tempo depois desta vida, quando será manifesto que são filhos de Deus e herdeiros do reino de sua glória. Vários intérpretes entendem todas as criaturas quaisquer, mesmo as criaturas irracionais e inanimadas deste mundo, que são representadas como se tivessem conhecimento e percepção de uma condição mais feliz, de um novo estado imutável de perfeição, que hão de receber no fim do mundo. Veja-se 2 Pe. 1:13. Ap. 21:1. Ora, toda criatura insensível é figurativamente introduzida <em>gemendo</em> como uma mulher em trabalho de parto, <em>aguardando</em> e desejando aquele novo e feliz estado; mas entretanto <em>involuntariamente sujeita à vaidade</em>, isto é, a estas imperfeições mutáveis de gerações e corrupções, das quais então será <em>libertada.</em> Wi.—<em>A criatura</em>, &c. As criaturas aguardam com impaciência e esperam com confiança ver uma mudança feliz em sua condição; lisonjeiam-se de que serão libertas do cativeiro do pecado, ao qual o homem as reduziu, e entrarão na liberdade da glória dos filhos de Deus. Não que a criação inanimada venha realmente a participar da felicidade e glória dos eleitos; embora em certo sentido se possa dizer que terá parte nela, pois entrará num estado puro, incorruptível e perfeito até o fim dos séculos. Não estará mais sujeita àquelas mudanças e vicissitudes que o pecado lhe trouxe; nem o homem pecador abusará mais de sua beleza e bondade para ofender o Criador de tudo. Santo Ambrósio e São Jerônimo ensinam que o sol, a lua e as estrelas serão então muito mais brilhantes e belos do que agora, não mais sujeitos às mudanças que atualmente sofrem. Fílon e Tertuliano ensinam que os animais ferozes abandonarão então a sua ferocidade, e as serpentes venenosas as suas qualidades peçonhentas. Calmet.—Outros, pela <em>criatura</em> ou criaturas, entendem somente os homens e os cristãos, que gemem sob as misérias e tentações nesta vida mortal, em meio às <em>vaidades</em> deste mundo, sob a <em>escravidão da corrupção;</em> que, tendo já (v. 23) recebido <em>as primícias do Espírito</em>, [3] a graça de Deus no batismo, tornaram-se <em>filhos de Deus</em>, e agora, com <em>expectação</em> e grande <em>ardor</em>, aguardam e anseiam por uma <em>adoção</em> mais perfeita como filhos de Deus: pela <em>redenção de seus corpos</em>, quando os corpos, assim como as almas dos eleitos, ressuscitarão para uma vida imortal e plena felicidade no céu. Wi.",,
ROM.10.2,2,"<em>According to knowledge</em>, &c. The Jews ran with ardour in the paths of the law, but saw not whither they were going; they followed the law, but did not know whither it conducted them. Calmet.","<em>Segundo o conhecimento</em>, etc. Os judeus corriam com ardor pelos caminhos da lei, mas não viam para onde iam; seguiam a lei, mas não sabiam para onde ela os conduzia. Calmet.",,
ROM.11.6,6,"<em>It is not now by works: otherwise grace is no more grace.</em> The election of God, and the first grace at least, are always without any merits on our part; but if we speak of works done in a state of grace, and by the assistance of God’s grace, we co-operate with the graces given, and by thus co-operating, we deserve and merit a reward in heaven. Wi.—If salvation were to come by <em>works</em>, done by nature, without faith and grace, salvation would not be a grace or favour, but a debt; but such <em>dead</em> works are indeed of no value in the sight of God towards salvation. It is not the same with regard to <em>works done with and by</em> God’s grace; for to such works as these he has promised eternal salvation. Ch.","<em>Não é agora pelas obras: de outro modo a graça já não é graça.</em> A eleição de Deus e a primeira graça ao menos são sempre sem qualquer mérito da nossa parte; mas se falamos de obras realizadas em estado de graça e com o auxílio da graça de Deus, cooperamos com as graças concedidas e, ao assim cooperar, merecemos e granjeamos uma recompensa no céu. Wi.—Se a salvação viesse pelas <em>obras</em> feitas pela natureza, sem fé e sem graça, a salvação não seria uma graça ou favor, mas uma dívida; mas tais obras <em>mortas</em> são de fato de nenhum valor diante de Deus para a salvação. Não é o mesmo quanto às <em>obras feitas com e pela</em> graça de Deus; pois a tais obras ele prometeu a salvação eterna. Ch.",,
1CO.1.1,1,"<em>Paul called</em> to be <em>an apostle.</em> S. Paul had preached to the Corinthians, and had remained a long time with them, to instruct and confirm them in the faith. During his absence, the faithful of Corinth were divided into several parties, on occasion of some new teachers, who had come amongst them. Calmet.—It was to heal the wounds caused by these divisions, that the present epistle was written. S. Thom. A.—<em>And Sosthenes.</em> There are various conjectures made concerning the person S. Paul here mentions. Some are of opinion that this Sosthenes is the same mentioned, Acts 18:17 who was beaten before the tribunal of Gallio, proconsul of Achaia, when S. Paul was carried before that magistrate. Eusebius says, that Sosthenes was one of the 72 disciples, and a different person from the one mentioned in Acts. Estius takes him to be S. Paul’s secretary. The common opinion is, that he was a great sufferer for the faith at Corinth, and S. Paul here mentions him as a man worthy their imitation. Calmet.","<em>Paulo chamado</em> a ser <em>apóstolo.</em> S. Paulo havia pregado aos coríntios e permanecido longo tempo entre eles, para instruí-los e confirmá-los na fé. Durante sua ausência, os fiéis de Corinto dividiram-se em vários partidos, por ocasião de alguns novos mestres que haviam surgido entre eles. Calmet.—Foi para sarar as feridas causadas por essas divisões que a presente epístola foi escrita. S. Tomás A.—<em>E Sóstenes.</em> Diversas conjecturas são feitas acerca da pessoa que S. Paulo aqui menciona. Alguns são de opinião que este Sóstenes é o mesmo mencionado em Atos 18:17, que foi espancado diante do tribunal de Gálio, procônsul da Acaia, quando S. Paulo foi levado perante aquele magistrado. Eusébio diz que Sóstenes era um dos 72 discípulos, e uma pessoa diferente do mencionado nos Atos. Estius o considera secretário de S. Paulo. A opinião comum é que ele foi um grande sofredor pela fé em Corinto, e S. Paulo aqui o menciona como homem digno de sua imitação. Calmet.",,
1CO.1.18,18,"<em>For the word of the cross.</em> That is, the preaching that the Son of God, both God and man, died nailed to an infamous cross, <em>is folly</em>, is looked upon as ridiculous and incredible, by all obstinate unbelievers <em>that perish:</em> but it is received as the work of God, and an effect of his divine <em>power</em>, by such as are saved. Wi.","<em>Pois a palavra da cruz.</em> Isto é, a pregação de que o Filho de Deus, simultaneamente Deus e homem, morreu pregado a uma infame cruz, <em>é loucura</em>, é tida por ridícula e inacreditável por todos os incrédulos obstinados <em>que perecem:</em> mas é recebida como obra de Deus e efeito de seu divino <em>poder</em> por aqueles que são salvos. Wi.",,
1CO.11.10,10,"<em>A power:</em> That is, a veil or covering, as a sign that she is under the <em>power</em> of her husband: and this, the apostle adds, <em>because of the angels</em>, who are present in the assemblies of the faithful. Ch.","<em>Um poder:</em> Isto é, um véu ou cobertura, como sinal de que ela está sob o <em>poder</em> do seu marido: e isso, acrescenta o apóstolo, <em>por causa dos anjos</em>, que estão presentes nas assembleias dos fiéis. Ch.",,
2CO.8.10,10,"<em>Begun not only to do, but also to be willing.</em> The sense seems to be, that they not only began the last year to do it, to contribute, but that they were the first that had this will, and began it of their own accord, by a motion of their own will. And therefore in the next chap. (v. 2) he <em>boasted</em> of their <em>readymind</em> to <em>the Macedonians</em>, and that their zeal or emulation had incited a great many. Wi.","<em>Começastes não só a fazer, mas também a querer.</em> O sentido parece ser que eles não só começaram no ano passado a fazê-lo, a contribuir, mas que foram os primeiros a ter esta vontade e começaram por iniciativa própria, por um movimento de sua própria vontade. E por isso, no capítulo seguinte (v. 2), ele <em>se gloriava</em> de sua <em>prontidão de espírito</em> para com <em>os macedônios</em>, e que seu zelo ou emulação havia incitado a muitos. Wi.",,
GAL.6.8,8,"<em>He that soweth in his flesh</em>, &c. The apostle represents the flesh and the spirit like two fields, on which men sow good or bad seed, according to which they shall reap. Wi.","<em>O que semeia na sua carne</em>, etc. O apóstolo representa a carne e o espírito como dois campos em que os homens semeiam boa ou má semente, segundo o que hão de colher. Wi.",,
2TH.2.7,7,"<em>The mystery of iniquity already worketh</em>, [8] or <em>is now wrought</em>, by the precursors of antichrist; i.e. by infidels and heretics. For, as S. John says, there <em>are many antichrists</em>, precursors to the great antichrist, and enemies of Christ. 1 John c. 2. Wi.—<em>That he who now holdeth, do hold.</em> That is, let each one remain in the faith which he has received of us, and let him not permit himself to be deceived by any discourse, as coming from us. Or rather, let those who shall then be in the world keep their faith, remaining firm in their belief and attachment to the Church of Christ, until antichrist, that man of iniquity, shall be taken away. Calmet.—According to others, it is an admonition to the faithful not to be beguiled during this day of trial by such, as under the garb of religion, and with an ostentatious parade of zeal for the holy Scriptures, seek to deceive them. When the mystery of sin shall be revealed, then shall we plainly discover that apostacy from the Catholic Church is the obvious and certain road to a dereliction of all religious principle; yes, to antichristianism and to atheism. A.","<em>O mistério da iniquidade já opera</em>, [8] ou <em>já está em obra</em>, pelos precursores do anticristo; isto é, pelos infiéis e hereges. Pois, como diz São João, há <em>muitos anticristos</em>, precursores do grande anticristo e inimigos de Cristo. 1 Jo c. 2. Wi.—<em>Que aquele que agora retém, continue retendo.</em> Isto é, que cada um permaneça na fé que recebeu de nós, e não se deixe enganar por discurso algum, como se viesse de nós. Ou antes, que os que então estiverem no mundo guardem a sua fé, permanecendo firmes em sua crença e adesão à Igreja de Cristo, até que o anticristo, esse homem da iniquidade, seja tirado do meio. Calmet.—Segundo outros, é uma admoestação aos fiéis para que não sejam seduzidos, durante este dia de provação, por aqueles que, sob o disfarce da religião e com ostentosa demonstração de zelo pelas Sagradas Escrituras, procuram enganá-los. Quando o mistério do pecado for revelado, então descobriremos claramente que a apostasia da Igreja Católica é o caminho óbvio e certo para o abandono de todo princípio religioso; sim, para o anticristianismo e para o ateísmo. A.",,
2TI.2.20,20,"<em>In a great house there are</em>, &c. Though S. Chrys. by a great house, understands this world, and seems to think that in the Church there are none but precious <em>vessels of goldand of silver</em>, yet this is only true of the perfect part of the Church, as it comprehends the elect only. The common exposition, by the <em>great house</em>, understands the Catholic Church of Christ here upon earth, in which are mixed both vessels of gold and of earth, both good and bad; both the faithful that will be saved, and others that will be lost by not persevering in the faith and grace of Christ. Every one’s endeavour must be to <em>cleanse himself from these</em>, to depart from the ways of iniquity, by the assistances of those graces which God offers him, that so he may be <em>a vessel unto honour</em>, not troubling himself about the mysteries and secrets of predestination, but believing and knowing for certain, that if he be not wanting on his part, he can never be lost: and therefore let him follow the admonition of S. Peter, 2 Pet. 1:10. “Wherefore, brethren, labour the more, that by good works you may make sure your vocation and election: for doing these things, you shall not sin at any time.” Wi.","<em>Numa grande casa há</em>, &c. Embora S. Crisóstomo entenda por grande casa este mundo, e pareça pensar que na Igreja não há senão vasos preciosos <em>de ouro e de prata</em>, isso só é verdade quanto à parte perfeita da Igreja, na medida em que compreende apenas os eleitos. A exposição comum, pela <em>grande casa</em>, entende a Igreja Católica de Cristo aqui na terra, na qual se misturam vasos de ouro e de barro, tanto bons como maus; tanto os fiéis que serão salvos, como outros que se perderão por não perseverarem na fé e na graça de Cristo. O empenho de cada um deve ser <em>purificar-se dessas coisas</em>, apartar-se dos caminhos da iniquidade, com o auxílio das graças que Deus lhe oferece, para que assim seja <em>um vaso para honra</em>, sem se perturbar com os mistérios e segredos da predestinação, mas crendo e sabendo com certeza que, se ele não falhar da sua parte, jamais poderá perder-se: e por isso siga a admoestação de S. Pedro, 2 Ped. 1:10. ""Portanto, irmãos, esforçai-vos ainda mais para, pelas boas obras, tornardes segura a vossa vocação e eleição: pois fazendo essas coisas, jamais pecareis."" Wi.",,
TIT.1.12,12,"<em>One of them, a prophet of their own.</em> [9] He does not mean a true prophet, but as the pretended prophets of Baal were called prophets. S. Paul understands Epimenides, a poet of Crete, who by some pagan authors was thought to know things to come; but Aristotle says, he knew only things past, not to come. The ill character he gave of the Cretians was, that they were <em>always liars, evil beasts, slothful bellies</em>, addicted to idleness and sensual pleasures. Wi.","<em>Um deles, profeta de sua própria gente.</em> [9] Não entende um verdadeiro profeta, mas como os pretendidos profetas de Baal eram chamados profetas. S. Paulo entende Epimênides, um poeta de Creta, que alguns autores pagãos julgavam conhecer as coisas futuras; mas Aristóteles diz que ele conhecia apenas as coisas passadas, não as futuras. O mau caráter que atribuiu aos cretenses era que eram <em>sempre mentirosos, animais ferozes, ventres preguiçosos</em>, dados à ociosidade e aos prazeres sensuais. Wi.",,
HEB.9.5,5,"<em>And over it</em> (the ark) <em>were cherubims of glory</em> or glorious cherubims, (in what shape they were represented, is not certain) <em>overshadowing the propitiatory</em>, or seat of mercy, which was all of gold, of the same size as the ark, and like a cover to it. Just over this propitiatory were placed the two cherubs, spreading their wings looking towards one another, and upon the propitiatory. See Exod. 36 and 37. From this place God made known his presence, and the effects of his mercy to the people. Here he was said to be seated on the cherubims, and that the ark was his footstool. Ps. 98. <em>Adore his footstool;</em> i.e. prostrate before his ark. These two images of cherubs, shew that God did not absolutely forbid images at that time, when the people were so addicted to idolatry, but only to adore them. Wi.—How futile is it to object from the commandment that it is forbidden to use holy images in the Church, when we here behold even amongst the people most prone to idolatry, most gross in their ideas of spiritual things, and to whom the precept was specially given not to make any graven <em>idols</em>, the same God commanding these images of angels to be made and set in the most holy place of the tabernacle or temple.","<em>E sobre ela</em> (a arca) <em>estavam os querubins da glória</em>, ou querubins gloriosos (de que forma eram representados é incerto), <em>cobrindo com sombra o propiciatório</em>, ou sede da misericórdia, que era todo de ouro, do mesmo tamanho da arca e como que uma tampa sobre ela. Bem acima deste propiciatório estavam colocados os dois querubins, estendendo as asas e olhando um para o outro, e para o propiciatório. Ver Êx. 36 e 37. Deste lugar Deus manifestava sua presença e os efeitos de sua misericórdia ao povo. Ali se dizia que ele estava entronizado sobre os querubins e que a arca era o seu escabelo. Sl. 98: <em>Adorai o seu escabelo</em>; isto é, prostrai-vos diante de sua arca. Estas duas imagens de querubins mostram que Deus não proibiu absolutamente as imagens naquele tempo, quando o povo era tão dado à idolatria, mas apenas adorá-las. Wi. — Quão fútil é objetar pelo mandamento que é proibido usar imagens sagradas na Igreja, quando aqui vemos que até entre o povo mais propenso à idolatria, o mais grosseiro em suas ideias acerca das coisas espirituais, e ao qual o preceito foi especialmente dado de não fazer <em>ídolos</em> esculpidos, o mesmo Deus ordenou que estas imagens de anjos fossem feitas e colocadas no lugar mais santo do tabernáculo ou templo.",,
REV.5.10,10,"<em>And hast made us to our God</em>, &c. See 1 Pet. 2:5, 9. Wi.—All Christians may justly be styled kings and priests of God, by the spiritual empire they possess over their passions and the world; and by the continual offering they make on the altar of their hearts, by means of the prayers they daily offer up to God. Origen.—Thus they say, we shall reign on the earth by the empire we shall exercise over our passions; and by the union we shall have with Jesus Christ and his Church, triumph over all who have persecuted us. Estius. Andræas.","<em>E nos fizeste para o nosso Deus</em>, &amp;c. Ver 1 Pe 2:5, 9. Wi.—Todos os cristãos podem justamente ser chamados reis e sacerdotes de Deus, pelo império espiritual que possuem sobre as suas paixões e o mundo; e pela oferta contínua que fazem no altar dos seus corações, por meio das orações que diariamente elevam a Deus. Orígenes.—Assim dizem: reinaremos na terra pelo império que exerceremos sobre as nossas paixões; e pela união que teremos com Jesus Cristo e a sua Igreja, triunfaremos sobre todos os que nos perseguiram. Estius. Andrêas.",,
REV.8.1,1,"<em>There was silence in heaven:</em> which is to represent as it were a general consternation, and an expectation of dreadful events at the opening of the seventh seal, and when seven Angels stood prepared to sound seven trumpets. Wi.","<em>Houve silêncio no céu:</em> o que serve para representar como que uma consternação geral e uma expectativa de acontecimentos terríveis com a abertura do sétimo selo, quando sete Anjos se dispuseram a soar sete trombetas. Wi.",,
REV.21.9,9,"<em>I will shew thee the bride, the wife of the Lamb:</em> all the Church triumphant in heaven. Wi.","<em>Eu te mostrarei a esposa, a mulher do Cordeiro:</em> toda a Igreja triunfante no céu. Wi.",,
